operator,plan_name,plan_code,data_allowance_raw,data_allowance_normalized,qos_raw,qos_speed,voice_allowance,sms_allowance,base_price_text,base_price,benefit_price_text,benefit_price,plan_type,partnership_flag,network_type,product_group,source_url,collected_at
KT M모바일,모두다 맘껏 7GB+(쿠팡캐시 5000원),PL2635398,7GB+최대1Mbps,7GB,7GB+최대1Mbps,1Mbps,무제한,기본제공,"월 35,200원",35200,"혜택가 월 18,500원",18500,유심,true,LTE,"쿠팡, 매월 쿠팡 캐시 5,000원",https://www.ktmmobile.com/rate/rateList.do,2026-05-07T13:21:43.639Z
KT M모바일,모두다 맘껏 15GB+(쿠팡캐시 5000원),PL2635400,15GB+최대1Mbps,15GB,15GB+최대1Mbps,1Mbps,무제한,기본제공,"월 48,400원",48400,"혜택가 월 23,700원",23700,유심,true,5G,"쿠팡, 매월 쿠팡 캐시 5,000원",https://www.ktmmobile.com/rate/rateList.do,2026-05-07T13:21:43.640Z
KT M모바일,모두다 맘껏 10GB+(쿠팡캐시 5000원),PL2635399,10GB+최대1Mbps,10GB,10GB+최대1Mbps,1Mbps,무제한,기본제공,"월 39,600원",39600,"혜택가 월 21,200원",21200,유심,true,LTE,"쿠팡, 매월 쿠팡 캐시 5,000원",https://www.ktmmobile.com/rate/rateList.do,2026-05-07T13:21:43.640Z
KT M모바일,모두다 맘껏 7GB+(밀리의 서재 FREE),PL235Q981,7GB+최대1Mbps,7GB,7GB+최대1Mbps,1Mbps,무제한,기본제공,"월 35,200원",35200,"혜택가 월 16,300원",16300,유심,true,LTE,"밀리의 서재, 전자책 정기 구독 혜택 제공",https://www.ktmmobile.com/rate/rateList.do,2026-05-07T13:21:44.591Z
KT M모바일,모두다 맘껏 11GB+(밀리의 서재 FREE),PL233R494,11GB+일2GB+최대3Mbps,11GB+일2GB,11GB+일2GB+최대3Mbps,3Mbps,무제한,기본제공,"월 51,000원",51000,"혜택가 월 33,100원",33100,유심,true,LTE,"밀리의 서재, 전자책 정기 구독 혜택 제공",https://www.ktmmobile.com/rate/rateList.do,2026-05-07T13:21:44.591Z
KT M모바일,모두다 맘껏 10GB+(밀리의 서재 FREE),PL236M153,10GB+최대1Mbps,10GB,10GB+최대1Mbps,1Mbps,무제한,기본제공,"월 39,600원",39600,"혜택가 월 19,000원",19000,유심,true,LTE,"밀리의 서재, 전자책 정기 구독 혜택 제공",https://www.ktmmobile.com/rate/rateList.do,2026-05-07T13:21:44.591Z
KT M모바일,모두다 맘껏 15GB+(밀리의 서재 FREE),PL236M150,15GB+최대1Mbps,15GB,15GB+최대1Mbps,1Mbps,무제한,기본제공,"월 48,400원",48400,"혜택가 월 21,500원",21500,유심,true,5G,"밀리의 서재, 전자책 정기 구독 혜택 제공",https://www.ktmmobile.com/rate/rateList.do,2026-05-07T13:21:44.592Z
KT M모바일,데이터 맘껏 15GB+/100분(밀리의 서재 FREE),PL236N158,15GB+최대3Mbps,15GB,15GB+최대3Mbps,3Mbps,100분,100건,"월 47,300원",47300,"혜택가 월 25,400원",25400,유심,true,5G,"밀리의 서재, 전자책 정기 구독 혜택 제공",https://www.ktmmobile.com/rate/rateList.do,2026-05-07T13:21:44.592Z
KT M모바일,모두다 맘껏 100GB+(밀리의 서재 FREE),PL235Q972,100GB+최대5Mbps,100GB,100GB+최대5Mbps,5Mbps,무제한,기본제공,"월 66,000원",66000,"혜택가 월 38,300원",38300,유심,true,LTE,"밀리의 서재, 전자책 정기 구독 혜택 제공",https://www.ktmmobile.com/rate/rateList.do,2026-05-07T13:21:44.592Z
KT M모바일,5G 모두다 맘껏 70GB+(밀리의 서재 FREE),PL238P570,70GB+최대1Mbps,70GB,70GB+최대1Mbps,1Mbps,무제한,기본제공,"월 64,000원",64000,"혜택가 월 39,100원",39100,유심,true,5G,"밀리의 서재, 전자책 정기 구독 혜택 제공",https://www.ktmmobile.com/rate/rateList.do,2026-05-07T13:21:44.592Z
KT M모바일,5G 모두다 맘껏 90GB+(밀리의 서재 FREE),PL238P564,90GB+최대1Mbps,90GB,90GB+최대1Mbps,1Mbps,무제한,기본제공,"월 66,000원",66000,"혜택가 월 40,300원",40300,유심,true,5G,"밀리의 서재, 전자책 정기 구독 혜택 제공",https://www.ktmmobile.com/rate/rateList.do,2026-05-07T13:21:44.592Z
KT M모바일,5G 모두다 맘껏 110GB+(밀리의 서재 FREE),PL238P559,110GB+최대5Mbps,110GB,110GB+최대5Mbps,5Mbps,무제한,기본제공,"월 69,000원",69000,"혜택가 월 41,500원",41500,유심,true,5G,"밀리의 서재, 전자책 정기 구독 혜택 제공",https://www.ktmmobile.com/rate/rateList.do,2026-05-07T13:21:44.592Z
KT M모바일,5G 모두다 맘껏 200GB+(밀리의 서재 FREE),PL238P555,200GB+최대10Mbps,200GB,200GB+최대10Mbps,10Mbps,무제한,기본제공,"월 77,000원",77000,"혜택가 월 47,700원",47700,유심,true,5G,"밀리의 서재, 전자책 정기 구독 혜택 제공",https://www.ktmmobile.com/rate/rateList.do,2026-05-07T13:21:44.592Z
KT M모바일,더블팩 7GB(밀리+후후),PL259Q386,7GB+최대1Mbps,7GB,7GB+최대1Mbps,1Mbps,무제한,기본제공,"월 35,200원",35200,"혜택가 월 17,000원",17000,유심,true,LTE,"밀리의 서재, 후후까지 더블팩으로 이용",https://www.ktmmobile.com/rate/rateList.do,2026-05-07T13:21:45.129Z
KT M모바일,더블팩 10GB(밀리+후후),PL259Q388,10GB+최대1Mbps,10GB,10GB+최대1Mbps,1Mbps,무제한,기본제공,"월 39,600원",39600,"혜택가 월 19,700원",19700,유심,true,LTE,"밀리의 서재, 후후까지 더블팩으로 이용",https://www.ktmmobile.com/rate/rateList.do,2026-05-07T13:21:45.129Z
KT M모바일,더블팩 15GB(밀리+후후),PL259Q389,15GB+최대1Mbps,15GB,15GB+최대1Mbps,1Mbps,무제한,기본제공,"월 48,400원",48400,"혜택가 월 22,200원",22200,유심,true,5G,"밀리의 서재, 후후까지 더블팩으로 이용",https://www.ktmmobile.com/rate/rateList.do,2026-05-07T13:21:45.129Z
KT M모바일,모두다 맘껏 7GB+(PAY쿠폰 3000P),PL248R694,7GB+최대1Mbps,7GB,7GB+최대1Mbps,1Mbps,무제한,기본제공,"월 35,200원",35200,"혜택가 월 17,600원",17600,유심,true,LTE,"네이버 페이, 매월 3,000P ~ 5,000P",https://www.ktmmobile.com/rate/rateList.do,2026-05-07T13:21:45.705Z
KT M모바일,모두다 맘껏 7GB+(PAY쿠폰 5000P),PL238P571,7GB+최대1Mbps,7GB,7GB+최대1Mbps,1Mbps,무제한,기본제공,"월 35,200원",35200,"혜택가 월 18,500원",18500,유심,true,LTE,"네이버 페이, 매월 3,000P ~ 5,000P",https://www.ktmmobile.com/rate/rateList.do,2026-05-07T13:21:45.705Z
KT M모바일,모두다 맘껏 11GB+(PAY쿠폰 5000P),PL226T130,11GB+일2GB+최대3Mbps,11GB+일2GB,11GB+일2GB+최대3Mbps,3Mbps,무제한,기본제공,"월 51,000원",51000,"혜택가 월 35,600원",35600,유심,true,LTE,"네이버 페이, 매월 3,000P ~ 5,000P",https://www.ktmmobile.com/rate/rateList.do,2026-05-07T13:21:45.705Z
KT M모바일,데이터 맘껏 15GB+/100분(PAY쿠폰 5000P),PL226T147,15GB+최대3Mbps,15GB,15GB+최대3Mbps,3Mbps,100분,100건,"월 56,100원",56100,"혜택가 월 27,800원",27800,유심,true,5G,"네이버 페이, 매월 3,000P ~ 5,000P",https://www.ktmmobile.com/rate/rateList.do,2026-05-07T13:21:45.705Z
KT M모바일,데이터 맘껏 15GB+/300분(PAY쿠폰 5000P),PL226T151,15GB+최대3Mbps,15GB,15GB+최대3Mbps,3Mbps,300분,300건,"월 60,500원",60500,"혜택가 월 29,900원",29900,유심,true,5G,"네이버 페이, 매월 3,000P ~ 5,000P",https://www.ktmmobile.com/rate/rateList.do,2026-05-07T13:21:45.705Z
KT M모바일,모두다 맘껏 100GB+(PAY쿠폰 5000P),PL238P575,100GB+최대5Mbps,100GB,100GB+최대5Mbps,5Mbps,무제한,기본제공,"월 66,000원",66000,"혜택가 월 41,700원",41700,유심,true,LTE,"네이버 페이, 매월 3,000P ~ 5,000P",https://www.ktmmobile.com/rate/rateList.do,2026-05-07T13:21:45.705Z
KT M모바일,모두다 맘껏 15GB+(PAY쿠폰 5000P),PL2543170,15GB+최대1Mbps,15GB,15GB+최대1Mbps,1Mbps,무제한,기본제공,"월 48,400원",48400,"혜택가 월 23,700원",23700,유심,true,5G,"네이버 페이, 매월 3,000P ~ 5,000P",https://www.ktmmobile.com/rate/rateList.do,2026-05-07T13:21:45.705Z
KT M모바일,모두다 맘껏 10GB+(PAY 쿠폰 5000P),PL2543169,10GB+최대1Mbps,10GB,10GB+최대1Mbps,1Mbps,무제한,기본제공,"월 39,600원",39600,"혜택가 월 21,200원",21200,유심,true,LTE,"네이버 페이, 매월 3,000P ~ 5,000P",https://www.ktmmobile.com/rate/rateList.do,2026-05-07T13:21:45.705Z
KT M모바일,5G 모두다 맘껏 70GB+(Pay쿠폰 5000P),PL25C4807,70GB+최대1Mbps,70GB,70GB+최대1Mbps,1Mbps,무제한,기본제공,"월 65,000원",65000,"혜택가 월 40,900원",40900,유심,true,5G,"네이버 페이, 매월 3,000P ~ 5,000P",https://www.ktmmobile.com/rate/rateList.do,2026-05-07T13:21:45.705Z
KT M모바일,5G 모두다 맘껏 90GB+(Pay쿠폰 5000P),PL25C4810,90GB+최대1Mbps,90GB,90GB+최대1Mbps,1Mbps,무제한,기본제공,"월 66,000		원",66000,"혜택가 월 41,900		원",41900,유심,true,5G,"네이버 페이, 매월 3,000P ~ 5,000P",https://www.ktmmobile.com/rate/rateList.do,2026-05-07T13:21:45.705Z
KT M모바일,모두다 맘껏 10GB+(CU 20%할인),PL247U554,10GB+최대1Mbps,10GB,10GB+최대1Mbps,1Mbps,무제한,기본제공,"월 39,600원",39600,"혜택가 월 19,400원",19400,유심,true,LTE,"CU,  결제할 때마다 20% 할인",https://www.ktmmobile.com/rate/rateList.do,2026-05-07T13:21:46.266Z
KT M모바일,데이터 맘껏 15GB+/100분(CU 20%할인),PL244N957,15GB+최대3Mbps,15GB,15GB+최대3Mbps,3Mbps,100분,100건,"월 47,300원",47300,"혜택가 월 25,300원",25300,유심,true,5G,"CU,  결제할 때마다 20% 할인",https://www.ktmmobile.com/rate/rateList.do,2026-05-07T13:21:46.266Z
KT M모바일,데이터 맘껏 15GB+/300분(CU 20%할인),PL245O253,15GB+최대3Mbps,15GB,15GB+최대3Mbps,3Mbps,300분,300건,"월 55,000원",55000,"혜택가 월 27,500원",27500,유심,true,5G,"CU,  결제할 때마다 20% 할인",https://www.ktmmobile.com/rate/rateList.do,2026-05-07T13:21:46.266Z
KT M모바일,모두다 맘껏 15GB+(CU 20%할인),PL245O249,15GB+최대1Mbps,15GB,15GB+최대1Mbps,1Mbps,무제한,기본제공,"월 48,400원",48400,"혜택가 월 21,900원",21900,유심,true,5G,"CU,  결제할 때마다 20% 할인",https://www.ktmmobile.com/rate/rateList.do,2026-05-07T13:21:46.266Z
KT M모바일,모두다 맘껏 11GB+(CU 20%할인),PL244N953,11GB+일2GB+최대3Mbps,11GB+일2GB,11GB+일2GB+최대3Mbps,3Mbps,무제한,기본제공,"월 51,000원",51000,"혜택가 월 33,000원",33000,유심,true,LTE,"CU,  결제할 때마다 20% 할인",https://www.ktmmobile.com/rate/rateList.do,2026-05-07T13:21:46.266Z
KT M모바일,모두다 맘껏 100GB+(CU 20%할인),PL244N950,100GB+최대5Mbps,100GB,100GB+최대5Mbps,5Mbps,무제한,기본제공,"월 66,000원",66000,"혜택가 월 38,200원",38200,유심,true,LTE,"CU,  결제할 때마다 20% 할인",https://www.ktmmobile.com/rate/rateList.do,2026-05-07T13:21:46.266Z
KT M모바일,모두다 맘껏 7GB+(CU 20%할인),PL2634385,7GB+최대1Mbps,7GB,7GB+최대1Mbps,1Mbps,무제한,기본제공,"월 35,200원",35200,"혜택가 월 16,700원",16700,유심,true,LTE,"CU,  결제할 때마다 20% 할인",https://www.ktmmobile.com/rate/rateList.do,2026-05-07T13:21:46.266Z
KT M모바일,모두다 맘껏 7GB+(다이소 5000P),PL2543129,7GB+최대1Mbps,7GB,7GB+최대1Mbps,1Mbps,무제한,기본제공,"월 35,200원",35200,"혜택가 월 18,500원",18500,유심,true,LTE,"다이소 모바일상품권 매월 5,000P",https://www.ktmmobile.com/rate/rateList.do,2026-05-07T13:21:46.828Z
KT M모바일,모두다 맘껏 10GB+(다이소 5000P),PL2543131,10GB+최대1Mbps,10GB,10GB+최대1Mbps,1Mbps,무제한,기본제공,"월 39,600원",39600,"혜택가 월 21,200원",21200,유심,true,LTE,"다이소 모바일상품권 매월 5,000P",https://www.ktmmobile.com/rate/rateList.do,2026-05-07T13:21:46.828Z
KT M모바일,모두다 맘껏 15GB+(다이소 5000P),PL2543133,15GB+최대1Mbps,15GB,15GB+최대1Mbps,1Mbps,무제한,기본제공,"월 48,400원",48400,"혜택가 월 23,700원",23700,유심,true,5G,"다이소 모바일상품권 매월 5,000P",https://www.ktmmobile.com/rate/rateList.do,2026-05-07T13:21:46.828Z
KT M모바일,데이터 맘껏 15GB+/100분(다이소 5000P),PL2543166,15GB+최대3Mbps,15GB,15GB+최대3Mbps,3Mbps,100분,100건,"월 56,100원",56100,"혜택가 월 27,600원",27600,유심,true,5G,"다이소 모바일상품권 매월 5,000P",https://www.ktmmobile.com/rate/rateList.do,2026-05-07T13:21:46.828Z
KT M모바일,데이터 맘껏 15GB+/300분(다이소 5000P),PL2543136,15GB+최대3Mbps,15GB,15GB+최대3Mbps,3Mbps,300분,300건,"월 60,500원",60500,"혜택가 월 29,800원",29800,유심,true,5G,"다이소 모바일상품권 매월 5,000P",https://www.ktmmobile.com/rate/rateList.do,2026-05-07T13:21:46.828Z
KT M모바일,모두다 맘껏 100GB+(다이소 5000P),PL2543168,100GB+최대5Mbps,100GB,100GB+최대5Mbps,5Mbps,무제한,기본제공,"월 66,000원",66000,"혜택가 월 41,700원",41700,유심,true,LTE,"다이소 모바일상품권 매월 5,000P",https://www.ktmmobile.com/rate/rateList.do,2026-05-07T13:21:46.828Z
KT M모바일,모두다 맘껏 11GB+(다이소 5000P),PL2543175,11GB+일2GB+최대3Mbps,11GB+일2GB,11GB+일2GB+최대3Mbps,3Mbps,기본제공,기본제공,"월 51,000원",51000,"혜택가 월 35,600원",35600,유심,true,LTE,"다이소 모바일상품권 매월 5,000P",https://www.ktmmobile.com/rate/rateList.do,2026-05-07T13:21:46.828Z
KT M모바일,5G 모두다 맘껏 70GB+(다이소 5000P),PL25C4808,70GB+최대1Mbps,70GB,70GB+최대1Mbps,1Mbps,무제한,기본제공,"월 65,000원",65000,"혜택가 월 40,900원",40900,유심,true,5G,"다이소 모바일상품권 매월 5,000P",https://www.ktmmobile.com/rate/rateList.do,2026-05-07T13:21:46.828Z
KT M모바일,5G 모두다 맘껏 90GB+(다이소 5000P),PL25C4811,70GB+최대1Mbps,70GB,70GB+최대1Mbps,1Mbps,무제한,기본제공,"월 66,000원",66000,"혜택가 월 41,900원",41900,유심,true,5G,"다이소 모바일상품권 매월 5,000P",https://www.ktmmobile.com/rate/rateList.do,2026-05-07T13:21:46.828Z
KT M모바일,모두다 맘껏 7GB+(올리브영 5000P),PL2543127,7GB+최대1Mbps,7GB,7GB+최대1Mbps,1Mbps,무제한,기본제공,"월 35,200원",35200,"혜택가 월 18,500원",18500,유심,true,LTE,"올리브영 모바일상품권 매월 5,000P",https://www.ktmmobile.com/rate/rateList.do,2026-05-07T13:21:47.404Z
KT M모바일,모두다 맘껏 10GB+(올리브영 5000P),PL2543128,10GB+최대1Mbps,10GB,10GB+최대1Mbps,1Mbps,무제한,기본제공,"월 39,600원",39600,"혜택가 월 21,200원",21200,유심,true,LTE,"올리브영 모바일상품권 매월 5,000P",https://www.ktmmobile.com/rate/rateList.do,2026-05-07T13:21:47.404Z
KT M모바일,모두다 맘껏 15GB+(올리브영 5000P),PL2543132,15GB+최대1Mbps,15GB,15GB+최대1Mbps,1Mbps,무제한,기본제공,"월 48,400원",48400,"혜택가 월 23,700원",23700,유심,true,5G,"올리브영 모바일상품권 매월 5,000P",https://www.ktmmobile.com/rate/rateList.do,2026-05-07T13:21:47.404Z
KT M모바일,데이터 맘껏 15GB+/100분(올리브영 5000P),PL2543165,15GB+최대3Mbps,15GB,15GB+최대3Mbps,3Mbps,100분,100건,"월 56,100원",56100,"혜택가 월 27,600원",27600,유심,true,5G,"올리브영 모바일상품권 매월 5,000P",https://www.ktmmobile.com/rate/rateList.do,2026-05-07T13:21:47.404Z
KT M모바일,데이터 맘껏 15GB+/300분(올리브영 5000P),PL2543139,15GB+최대3Mbps,15GB,15GB+최대3Mbps,3Mbps,300분,300건,"월 60,500원",60500,"혜택가 월 29,800원",29800,유심,true,5G,"올리브영 모바일상품권 매월 5,000P",https://www.ktmmobile.com/rate/rateList.do,2026-05-07T13:21:47.404Z
KT M모바일,모두다 맘껏 100GB+(올리브영 5000P),PL2543167,100GB+최대5Mbps,100GB,100GB+최대5Mbps,5Mbps,무제한,기본제공,"월 66,000원",66000,"혜택가 월 41,700원",41700,유심,true,LTE,"올리브영 모바일상품권 매월 5,000P",https://www.ktmmobile.com/rate/rateList.do,2026-05-07T13:21:47.404Z
KT M모바일,모두다 맘껏 11GB+(올리브영 5000P),PL2543174,11GB+일2GB+최대3Mbps,11GB+일2GB,11GB+일2GB+최대3Mbps,3Mbps,기본제공,기본제공,"월 51,000원",51000,"혜택가 월 35,600원",35600,유심,true,LTE,"올리브영 모바일상품권 매월 5,000P",https://www.ktmmobile.com/rate/rateList.do,2026-05-07T13:21:47.404Z
KT M모바일,5G 모두다 맘껏 70GB+(올리브영 5000P),PL25C4809,70GB+최대1Mbps,70GB,70GB+최대1Mbps,1Mbps,무제한,기본제공,"월 65,000		원",65000,"혜택가 월 40,900		원",40900,유심,true,5G,"올리브영 모바일상품권 매월 5,000P",https://www.ktmmobile.com/rate/rateList.do,2026-05-07T13:21:47.404Z
KT M모바일,5G 모두다 맘껏 90GB+(올리브영 5000P),PL25C4812,90GB+최대1Mbps,90GB,90GB+최대1Mbps,1Mbps,무제한,기본제공,"월 66,000원",66000,"혜택가 월 41,900원",41900,유심,true,5G,"올리브영 모바일상품권 매월 5,000P",https://www.ktmmobile.com/rate/rateList.do,2026-05-07T13:21:47.404Z
KT M모바일,모두다 맘껏 100GB+(모아진 FREE),PL2565747,100GB+최대5Mbps,100GB,100GB+최대5Mbps,5Mbps,무제한,기본제공,"월 66,000원",66000,"혜택가 월 38,200원",38200,유심,true,LTE,"모아진, 국내 매거진 무제한 구독 혜택 매월 제공",https://www.ktmmobile.com/rate/rateList.do,2026-05-07T13:21:48.168Z
KT M모바일,데이터 맘껏 15GB+/300분(모아진 FREE),PL2565749,15GB+최대3Mbps,15GB,15GB+최대3Mbps,3Mbps,300분,300건,"월 60,500원",60500,"혜택가 월 27,500원",27500,유심,true,5G,"모아진, 국내 매거진 무제한 구독 혜택 매월 제공",https://www.ktmmobile.com/rate/rateList.do,2026-05-07T13:21:48.168Z
KT M모바일,데이터 맘껏 15GB+/100분(모아진 FREE),PL2565748,15GB+최대3Mbps,15GB,15GB+최대3Mbps,3Mbps,100분,100건,"월 56,100원",56100,"혜택가 월 25,300원",25300,유심,true,5G,"모아진, 국내 매거진 무제한 구독 혜택 매월 제공",https://www.ktmmobile.com/rate/rateList.do,2026-05-07T13:21:48.168Z
KT M모바일,모두다 맘껏 15GB+(모아진 FREE),PL259C341,15GB+최대1Mbps,15GB,15GB+최대1Mbps,1Mbps,무제한,기본제공,"월 48,400원",48400,"혜택가 월 21,400원",21400,유심,true,5G,"모아진, 국내 매거진 무제한 구독 혜택 매월 제공",https://www.ktmmobile.com/rate/rateList.do,2026-05-07T13:21:48.168Z
KT M모바일,모두다 맘껏 10GB+(모아진 FREE),PL259C340,10GB+최대1Mbps,10GB,10GB+최대1Mbps,1Mbps,무제한,기본제공,"월 39,600원",39600,"혜택가 월 18,900원",18900,유심,true,LTE,"모아진, 국내 매거진 무제한 구독 혜택 매월 제공",https://www.ktmmobile.com/rate/rateList.do,2026-05-07T13:21:48.168Z
KT M모바일,모두다 맘껏 7GB+(모아진 FREE),PL259C339,7GB+최대1Mbps,7GB,7GB+최대1Mbps,1Mbps,무제한,기본제공,"월 35,200원",35200,"혜택가 월 16,200원",16200,유심,true,LTE,"모아진, 국내 매거진 무제한 구독 혜택 매월 제공",https://www.ktmmobile.com/rate/rateList.do,2026-05-07T13:21:48.168Z
KT M모바일,모두다 맘껏 11GB+(모아진 FREE),PL2565746,11GB+일2GB+최대3Mbps,11GB+일2GB,11GB+일2GB+최대3Mbps,3Mbps,기본제공,기본제공,"월 51,000원",51000,"혜택가 월 33,000 원",33000,유심,true,LTE,"모아진, 국내 매거진 무제한 구독 혜택 매월 제공",https://www.ktmmobile.com/rate/rateList.do,2026-05-07T13:21:48.168Z
KT M모바일,모두다 맘껏 7GB+(지니뮤직 FREE),PL223S409,7GB+최대1Mbps,7GB,7GB+최대1Mbps,1Mbps,무제한,기본제공,"월 35,200원",35200,"혜택가 월 19,000원",19000,유심,true,LTE,"지니뮤직, 매월 g포인트 8,000P",https://www.ktmmobile.com/rate/rateList.do,2026-05-07T13:21:48.730Z
KT M모바일,모두다 맘껏 15GB+(지니뮤직 FREE),PL2552580,15GB+최대1Mbps,15GB,15GB+최대1Mbps,1Mbps,무제한,기본제공,"월 48,400원",48400,"혜택가 월 24,200원",24200,유심,true,5G,"지니뮤직, 매월 g포인트 8,000P",https://www.ktmmobile.com/rate/rateList.do,2026-05-07T13:21:48.730Z
KT M모바일,모두다 맘껏 10GB+(지니뮤직 FREE),PL2552581,10GB+최대1Mbps,10GB,10GB+최대1Mbps,1Mbps,무제한,기본제공,"월 39,600원",39600,"혜택가 월 21,700원",21700,유심,true,LTE,"지니뮤직, 매월 g포인트 8,000P",https://www.ktmmobile.com/rate/rateList.do,2026-05-07T13:21:48.730Z
KT M모바일,모두다 맘껏 100GB+(지니뮤직 FREE),PL2595298,100GB+최대5Mbps,100GB,100GB+최대5Mbps,5Mbps,무제한,기본제공,"월 66,000원",66000,"혜택가 월 41,700원",41700,유심,true,LTE,"지니뮤직, 매월 g포인트 8,000P",https://www.ktmmobile.com/rate/rateList.do,2026-05-07T13:21:48.730Z
KT M모바일,5G 모두다 맘껏 110GB+(지니뮤직 FREE),PL228Q684,110GB+최대5Mbps,110GB,110GB+최대5Mbps,5Mbps,무제한,기본제공,"월 57,000원",57000,"혜택가 월 44,200원",44200,유심,true,5G,"지니뮤직, 매월 g포인트 8,000P",https://www.ktmmobile.com/rate/rateList.do,2026-05-07T13:21:48.730Z
KT M모바일,5G 모두다 맘껏 200GB+(지니뮤직 FREE),PL228Q688,200GB+최대10Mbps,200GB,200GB+최대10Mbps,10Mbps,무제한,기본제공,"월 79,000원",79000,"혜택가 월 50,400원",50400,유심,true,5G,"지니뮤직, 매월 g포인트 8,000P",https://www.ktmmobile.com/rate/rateList.do,2026-05-07T13:21:48.730Z
KT M모바일,모두다 맘껏 11GB+(지니뮤직 FREE),PL222N226,11GB+일2GB+최대3Mbps,11GB+일2GB,11GB+일2GB+최대3Mbps,3Mbps,무제한,기본제공,"월 51,000원",51000,"혜택가 월 36,000원",36000,유심,true,LTE,"지니뮤직, 매월 g포인트 8,000P",https://www.ktmmobile.com/rate/rateList.do,2026-05-07T13:21:48.730Z
KT M모바일,데이터 맘껏 15GB+/100분(지니뮤직 FREE),PL222N240,15GB+최대3Mbps,15GB,15GB+최대3Mbps,3Mbps,100분,100건,"월 56,100원",56100,"혜택가 월 28,000원",28000,유심,true,5G,"지니뮤직, 매월 g포인트 8,000P",https://www.ktmmobile.com/rate/rateList.do,2026-05-07T13:21:48.730Z
KT M모바일,데이터 맘껏 15GB+/300분(지니뮤직 FREE),PL222N237,15GB+최대3Mbps,15GB,15GB+최대3Mbps,3Mbps,300분,300건,"월 60,500원",60500,"혜택가 월 30,000원",30000,유심,true,5G,"지니뮤직, 매월 g포인트 8,000P",https://www.ktmmobile.com/rate/rateList.do,2026-05-07T13:21:48.730Z
KT M모바일,데이터 맘껏 15GB+/100분(멜론 FREE),PL229N987,15GB+최대3Mbps,15GB,15GB+최대3Mbps,3Mbps,100분,100건,"월 56,100원",56100,"혜택가 월 28,900원",28900,유심,true,5G,"멜론, 매월 멜론 캐쉬 6,900P",https://www.ktmmobile.com/rate/rateList.do,2026-05-07T13:21:49.270Z
KT M모바일,모두다 맘껏 11GB+(멜론 FREE),PL226T117,11GB+일2GB+최대3Mbps,11GB+일2GB,11GB+일2GB+최대3Mbps,3Mbps,무제한,기본제공,"월 51,000원",51000,"혜택가 월 36,300원",36300,유심,true,LTE,"멜론, 매월 멜론 캐쉬 6,900P",https://www.ktmmobile.com/rate/rateList.do,2026-05-07T13:21:49.270Z
KT M모바일,모두다 맘껏 7GB+(후후안심),PL244N969,7GB+최대 1Mbps,7GB,7GB+최대 1Mbps,1Mbps,무제한,기본제공,"월 35,200원",35200,"혜택가 월 16,200원",16200,유심,true,LTE,"후후, 보이스피싱 차단 및 온라인 중고/직거래 사기 피해보상 제공",https://www.ktmmobile.com/rate/rateList.do,2026-05-07T13:21:49.830Z
KT M모바일,모두다 맘껏 15GB+(후후안심),PL244N968,15GB+최대 1Mbps,15GB,15GB+최대 1Mbps,1Mbps,무제한,기본제공,"월 48,400원",48400,"혜택가 월 21,400원",21400,유심,true,5G,"후후, 보이스피싱 차단 및 온라인 중고/직거래 사기 피해보상 제공",https://www.ktmmobile.com/rate/rateList.do,2026-05-07T13:21:49.830Z
KT M모바일,모두다 맘껏 11GB+(후후안심),PL244N961,11GB+일2GB+최대 3Mbps,11GB+일2GB,11GB+일2GB+최대 3Mbps,3Mbps,무제한,기본제공,"월 51,000원",51000,"혜택가 월 33,000원",33000,유심,true,LTE,"후후, 보이스피싱 차단 및 온라인 중고/직거래 사기 피해보상 제공",https://www.ktmmobile.com/rate/rateList.do,2026-05-07T13:21:49.830Z
KT M모바일,시니어 안심 2GB+(후후),PL225K720,2GB+최대400Kbps,2GB,2GB+최대400Kbps,400Kbps,무제한,기본제공,"월 25,000원",25000,"혜택가 월 6,500원",6500,유심,true,LTE,"후후, 보이스피싱 차단 및 온라인 중고/직거래 사기 피해보상 제공",https://www.ktmmobile.com/rate/rateList.do,2026-05-07T13:21:49.830Z
KT M모바일,시니어 안심 4GB+(후후),PL22BP533,4GB+최대 400Kbps,4GB,4GB+최대 400Kbps,400Kbps,무제한,기본제공,"월 27,000원",27000,"혜택가 월 7,500원",7500,유심,true,LTE,"후후, 보이스피싱 차단 및 온라인 중고/직거래 사기 피해보상 제공",https://www.ktmmobile.com/rate/rateList.do,2026-05-07T13:21:49.830Z
KT M모바일,시니어 모두다 맘껏 4GB+(후후),PL225K721,4GB+최대1Mbps,4GB,4GB+최대1Mbps,1Mbps,무제한,기본제공,"월 28,000원",28000,"혜택가 월 8,500원",8500,유심,true,LTE,"후후, 보이스피싱 차단 및 온라인 중고/직거래 사기 피해보상 제공",https://www.ktmmobile.com/rate/rateList.do,2026-05-07T13:21:49.830Z
KT M모바일,시니어 모두다 맘껏 8GB+(후후),PL22BP534,8GB+최대1Mbps,8GB,8GB+최대1Mbps,1Mbps,무제한,기본제공,"월 30,000원",30000,"혜택가 월 12,500원",12500,유심,true,LTE,"후후, 보이스피싱 차단 및 온라인 중고/직거래 사기 피해보상 제공",https://www.ktmmobile.com/rate/rateList.do,2026-05-07T13:21:49.830Z
KT M모바일,모두다 맘껏 11GB+(왓챠 베이직),PL21CM708,11GB+일2GB+최대3Mbps,11GB+일2GB,11GB+일2GB+최대3Mbps,3Mbps,무제한,기본제공,"월 55,000원",55000,"혜택가 월 36,000원",36000,유심,true,LTE,"왓챠, 매월 무료 구독권",https://www.ktmmobile.com/rate/rateList.do,2026-05-07T13:21:50.472Z
KT M모바일,모두다 맘껏 11GB+(왓챠 프리미엄),PL224Q600,11GB+일2GB+최대3Mbps,11GB+일2GB,11GB+일2GB+최대3Mbps,3Mbps,기본제공,기본제공,"월 60,000원",60000,"혜택가 월 41,000원",41000,유심,true,LTE,"왓챠, 매월 무료 구독권",https://www.ktmmobile.com/rate/rateList.do,2026-05-07T13:21:50.472Z
KT M모바일,모두다 맘껏 100GB+(왓챠 베이직),PL224Q599,100GB+최대5Mbps,100GB,100GB+최대5Mbps,5Mbps,기본제공,기본제공,"월 66,000원",66000,"혜택가 월 41,000원",41000,유심,true,LTE,"왓챠, 매월 무료 구독권",https://www.ktmmobile.com/rate/rateList.do,2026-05-07T13:21:50.472Z
KT M모바일,모두다 맘껏 100GB+(왓챠 프리미엄),PL224Q602,100GB+최대5Mbps,100GB,100GB+최대5Mbps,5Mbps,기본제공,기본제공,"월 69,000원",69000,"혜택가 월 46,000원",46000,유심,true,LTE,"왓챠, 매월 무료 구독권",https://www.ktmmobile.com/rate/rateList.do,2026-05-07T13:21:50.472Z
KT M모바일,모두다 맘껏 일5GB+(왓챠 베이직),PL21CM711,일5GB+최대5Mbps,일5GB,일5GB+최대5Mbps,5Mbps,무제한,기본제공,"월 66,000원",66000,"혜택가 월 41,000원",41000,유심,true,5G,"왓챠, 매월 무료 구독권",https://www.ktmmobile.com/rate/rateList.do,2026-05-07T13:21:50.472Z
KT M모바일,모두다 맘껏 일5GB+(왓챠 프리미엄),PL224Q601,일5GB+최대5Mbps,일5GB,일5GB+최대5Mbps,5Mbps,기본제공,기본제공,"월 69,000원",69000,"혜택가 월 46,000원",46000,유심,true,5G,"왓챠, 매월 무료 구독권",https://www.ktmmobile.com/rate/rateList.do,2026-05-07T13:21:50.472Z
KT M모바일,모두다 맘껏 11GB+(웨이브 베이직),PL22CM755,11GB+일2GB+최대3Mbps,11GB+일2GB,11GB+일2GB+최대3Mbps,3Mbps,무제한,기본제공,"월 51,000원",51000,"혜택가 월 36,600원",36600,유심,true,LTE,"웨이브, 매월 웨이브 베이직 무료 이용권 제공",https://www.ktmmobile.com/rate/rateList.do,2026-05-07T13:21:51.006Z
KT M모바일,모두다 맘껏 100GB+(웨이브 베이직),PL237K286,100GB+최대5Mbps,100GB,100GB+최대5Mbps,5Mbps,무제한,기본제공,"월 66,000원",66000,"혜택가 월 41,700원",41700,유심,true,LTE,"웨이브, 매월 웨이브 베이직 무료 이용권 제공",https://www.ktmmobile.com/rate/rateList.do,2026-05-07T13:21:51.006Z
KT M모바일,모두다 맘껏 11GB+(배달의 민족 5000P),PL225K735,11GB+일2GB+최대3Mbps,11GB+일2GB,11GB+일2GB+최대3Mbps,3Mbps,무제한,기본제공,"월 51,000원",51000,"혜택가 월 35,600원",35600,유심,true,LTE,"배달의 민족, 매월 5000P",https://www.ktmmobile.com/rate/rateList.do,2026-05-07T13:21:51.533Z
KT M모바일,모두다 맘껏 11GB+(기프티쇼 5000P),PL227R371,11GB+일2GB+최대3Mbps,11GB+일2GB,11GB+일2GB+최대3Mbps,3Mbps,무제한,기본제공,"월 51,000원",51000,"혜택가 월 35,600원",35600,유심,true,LTE,"기프티쇼, 매월 5,000P",https://www.ktmmobile.com/rate/rateList.do,2026-05-07T13:21:52.069Z
KT M모바일,데이터 맘껏 15GB+/100분(기프티쇼 5000P),PL227R381,15GB+최대3Mbps,15GB,15GB+최대3Mbps,3Mbps,100분,100건,"월 56,100원",56100,"혜택가 월 27,800원",27800,유심,true,5G,"기프티쇼, 매월 5,000P",https://www.ktmmobile.com/rate/rateList.do,2026-05-07T13:21:52.069Z
KT M모바일,데이터 맘껏 15GB+/300분(기프티쇼 5000P),PL227R380,15GB+최대3Mbps,15GB,15GB+최대3Mbps,3Mbps,300분,300건,"월 60,500원",60500,"혜택가 월 29,900원",29900,유심,true,5G,"기프티쇼, 매월 5,000P",https://www.ktmmobile.com/rate/rateList.do,2026-05-07T13:21:52.069Z
KT M모바일,구글플레이기프트(15GB+/100분),PL20B9414,15GB+최대3Mbps,15GB,15GB+최대3Mbps,3Mbps,100분,100건,"월 47,300원",47300,"혜택가 월 25,300원",25300,유심,true,5G,"구글플레이, 매월 포인트 10% 할인",https://www.ktmmobile.com/rate/rateList.do,2026-05-07T13:21:52.608Z
KT M모바일,구글플레이기프트(11GB+/통화맘껏),PL20B9415,11GB+일2GB+최대3Mbps,11GB+일2GB,11GB+일2GB+최대3Mbps,3Mbps,무제한,기본제공,"월 49,280원",49280,"혜택가 월 33,080원",33080,유심,true,LTE,"구글플레이, 매월 포인트 10% 할인",https://www.ktmmobile.com/rate/rateList.do,2026-05-07T13:21:52.608Z
KT M모바일,구글플레이기프트(100GB+/통화맘껏),PL20B9416,100GB+최대5Mbps,100GB,100GB+최대5Mbps,5Mbps,무제한,기본제공,"월 66,000원",66000,"혜택가 월 38,200원",38200,유심,true,LTE,"구글플레이, 매월 포인트 10% 할인",https://www.ktmmobile.com/rate/rateList.do,2026-05-07T13:21:52.608Z
KT M모바일,L.POINT 1GB(USIM),KISLIFU01,1GB,1GB,,,30분,30건,"월 9,900원",9900,"혜택가 월 5,500원",5500,유심,true,LTE,"L.POINT, 매월 2,000P",https://www.ktmmobile.com/rate/rateList.do,2026-05-07T13:21:53.160Z
KT M모바일,모두다 맘껏 7GB+,PL253A831,7GB+최대1Mbps,7GB,7GB+최대1Mbps,1Mbps,무제한,기본제공,"월 35,200원",35200,"혜택가 월 15,900원",15900,유심,false,LTE,모두다 맘껏,https://www.ktmmobile.com/rate/rateList.do,2026-05-07T13:21:54.421Z
KT M모바일,모두다 맘껏 15GB+,PL234L649,15GB+최대1Mbps,15GB,15GB+최대1Mbps,1Mbps,무제한,기본제공,"월 48,400원",48400,"혜택가 월 20,900원",20900,유심,false,LTE,모두다 맘껏,https://www.ktmmobile.com/rate/rateList.do,2026-05-07T13:21:54.421Z
KT M모바일,모두다 맘껏 10GB+,PL21CM690,10GB+최대1Mbps,10GB,10GB+최대1Mbps,1Mbps,무제한,기본제공,"월 39,600원",39600,"혜택가 월 18,400원",18400,유심,false,LTE,모두다 맘껏,https://www.ktmmobile.com/rate/rateList.do,2026-05-07T13:21:54.421Z
KT M모바일,모두다 맘껏 일 5GB+,PL242G635,일5GB+최대5Mbps,일5GB,일5GB+최대5Mbps,5Mbps,무제한,기본제공,"월 66,000원",66000,"혜택가 월 38,200원",38200,유심,false,LTE,모두다 맘껏,https://www.ktmmobile.com/rate/rateList.do,2026-05-07T13:21:54.421Z
KT M모바일,모두다 맘껏 안심+,PL208J931,0GB+최대400Kbps,0GB,0GB+최대400Kbps,400Kbps,무제한,기본제공,"월 20,900원",20900,"혜택가 월 6,400원",6400,유심,false,LTE,모두다 맘껏 안심,https://www.ktmmobile.com/rate/rateList.do,2026-05-07T13:21:54.972Z
KT M모바일,모두다 맘껏 안심 1.5GB+,PL202B816,1.5GB+최대400Kbps,1.5GB,1.5GB+최대400Kbps,400Kbps,무제한,기본제공,"월 26,000원",26000,"혜택가 월 6,900원",6900,유심,false,LTE,모두다 맘껏 안심,https://www.ktmmobile.com/rate/rateList.do,2026-05-07T13:21:54.972Z
KT M모바일,모두다 맘껏 안심 2.5GB+,PL208J932,2.5GB+최대400Kbps,2.5GB,2.5GB+최대400Kbps,400Kbps,무제한,기본제공,"월 27,500원",27500,"혜택가 월 7,900원",7900,유심,false,LTE,모두다 맘껏 안심,https://www.ktmmobile.com/rate/rateList.do,2026-05-07T13:21:54.972Z
KT M모바일,모두다 맘껏 안심 4.5GB+,PL208J933,4.5GB+최대400Kbps,4.5GB,4.5GB+최대400Kbps,400Kbps,무제한,기본제공,"월 30,800원",30800,"혜택가 월 8,900원",8900,유심,false,LTE,모두다 맘껏 안심,https://www.ktmmobile.com/rate/rateList.do,2026-05-07T13:21:54.972Z
KT M모바일,모두다 맘껏 안심 6GB+,PL222N233,6GB+최대400Kbps,6GB,6GB+최대400Kbps,400Kbps,무제한,기본제공,"월 33,000원",33000,"혜택가 월 10,900원",10900,유심,false,LTE,모두다 맘껏 안심,https://www.ktmmobile.com/rate/rateList.do,2026-05-07T13:21:54.972Z
KT M모바일,모두다 맘껏 안심 8GB+,PL222N234,8GB+최대400Kbps,8GB,8GB+최대400Kbps,400Kbps,무제한,기본제공,"월 35,000원",35000,"혜택가 월 11,900원",11900,유심,false,LTE,모두다 맘껏 안심,https://www.ktmmobile.com/rate/rateList.do,2026-05-07T13:21:54.972Z
KT M모바일,모두다 맘껏 안심 10GB+,PL222N235,10GB+최대400Kbps,10GB,10GB+최대400Kbps,400Kbps,무제한,기본제공,"월 37,000원",37000,"혜택가 월 12,900원",12900,유심,false,LTE,모두다 맘껏 안심,https://www.ktmmobile.com/rate/rateList.do,2026-05-07T13:21:54.972Z
KT M모바일,모두다 맘껏 안심 15GB+,PL227J333,15GB+최대400Kbps,15GB,15GB+최대400Kbps,400Kbps,무제한,기본제공,"월 40,000원",40000,"혜택가 월 15,900원",15900,유심,false,LTE,모두다 맘껏 안심,https://www.ktmmobile.com/rate/rateList.do,2026-05-07T13:21:54.972Z
KT M모바일,모두다 맘껏 안심 20GB+,PL227J334,20GB+최대400Kbps,20GB,20GB+최대400Kbps,400Kbps,무제한,기본제공,"월 43,000원",43000,"혜택가 월 18,900원",18900,유심,false,LTE,모두다 맘껏 안심,https://www.ktmmobile.com/rate/rateList.do,2026-05-07T13:21:54.972Z
KT M모바일,모두다 맘껏 실속 7GB+,PL256N805,7GB+최대 1Mbps,7GB,7GB+최대 1Mbps,1Mbps,무제한,기본제공,"월 30,000원",30000,"혜택가 월 15,900원",15900,유심,false,LTE,모두다 맘껏 실속,https://www.ktmmobile.com/rate/rateList.do,2026-05-07T13:21:55.518Z
KT M모바일,모두다 맘껏 실속 10GB+,PL256N806,10GB+최대 1Mbps,10GB,10GB+최대 1Mbps,1Mbps,기본제공,기본제공,"월 33,000원",33000,"혜택가 월 18,400원",18400,유심,false,LTE,모두다 맘껏 실속,https://www.ktmmobile.com/rate/rateList.do,2026-05-07T13:21:55.518Z
KT M모바일,모두다 맘껏 실속 15GB+,PL2574880,15GB+최대1Mbps,15GB,15GB+최대1Mbps,1Mbps,무제한,기본제공,"월 36,000원",36000,"혜택가 월 20,900원",20900,유심,false,LTE,모두다 맘껏 실속,https://www.ktmmobile.com/rate/rateList.do,2026-05-07T13:21:55.518Z
KT M모바일,모두다 맘껏 실속 5GB+,PL2543138,5GB+최대 1Mbps,5GB,5GB+최대 1Mbps,1Mbps,무제한,기본제공,"월 27,000원",27000,"혜택가 월 14,400원",14400,유심,false,LTE,모두다 맘껏 실속,https://www.ktmmobile.com/rate/rateList.do,2026-05-07T13:21:55.518Z
KT M모바일,모두다 맘껏 실속 3GB+,PL2543137,3GB+최대 1Mbps,3GB,3GB+최대 1Mbps,1Mbps,무제한,기본제공,"월 25,000원",25000,"혜택가 월 13,400원",13400,유심,false,LTE,모두다 맘껏 실속,https://www.ktmmobile.com/rate/rateList.do,2026-05-07T13:21:55.518Z
KT M모바일,통화 맘껏 1.5GB,LTEVCFL15,1.5GB,1.5GB,,,무제한,기본제공,"월 35,300원",35300,"혜택가 월 5,400원",5400,유심,false,LTE,통화 맘껏,https://www.ktmmobile.com/rate/rateList.do,2026-05-07T13:21:56.074Z
KT M모바일,통화 맘껏 2.5GB,LTEVCFL25,2.5GB,2.5GB,,,무제한,기본제공,"월 43,500원",43500,"혜택가 월 5,900원",5900,유심,false,LTE,통화 맘껏,https://www.ktmmobile.com/rate/rateList.do,2026-05-07T13:21:56.074Z
KT M모바일,통화 맘껏 4.5GB,LTEVCFL45,4.5GB,4.5GB,,,무제한,기본제공,"월 47,500원",47500,"혜택가 월 6,900원",6900,유심,false,LTE,통화 맘껏,https://www.ktmmobile.com/rate/rateList.do,2026-05-07T13:21:56.074Z
KT M모바일,통화 맘껏 6.5GB,PL207R824,6.5GB,6.5GB,,,무제한,기본제공,"월 35,000원",35000,"혜택가 월 8,900원",8900,유심,false,LTE,통화 맘껏,https://www.ktmmobile.com/rate/rateList.do,2026-05-07T13:21:56.074Z
KT M모바일,통화 맘껏 10GB,PL21CL644,10GB,10GB,,,무제한,기본제공,"월 26,400원",26400,"혜택가 월 11,900원",11900,유심,false,LTE,통화 맘껏,https://www.ktmmobile.com/rate/rateList.do,2026-05-07T13:21:56.074Z
KT M모바일,통화 맘껏 15GB,PL21CL645,15GB,15GB,,,무제한,기본제공,"월 31,900원",31900,"혜택가 월 13,900원",13900,유심,false,LTE,통화 맘껏,https://www.ktmmobile.com/rate/rateList.do,2026-05-07T13:21:56.074Z
KT M모바일,통화 맘껏 20GB,PL21CL646,20GB,20GB,,,무제한,기본제공,"월 35,200원",35200,"혜택가 월 16,900원",16900,유심,false,LTE,통화 맘껏,https://www.ktmmobile.com/rate/rateList.do,2026-05-07T13:21:56.074Z
KT M모바일,초알뜰 1GB/100분,PL212H918,1GB,1GB,,,100분,100건,"월 15,400원",15400,"혜택가 월 2,900원",2900,유심,false,LTE,초알뜰,https://www.ktmmobile.com/rate/rateList.do,2026-05-07T13:21:56.629Z
KT M모바일,초알뜰 2GB/100분,PL241F509,2GB,2GB,,,100분,100건,"월 18,500원",18500,"혜택가 월 3,900원",3900,유심,false,LTE,초알뜰,https://www.ktmmobile.com/rate/rateList.do,2026-05-07T13:21:56.629Z
KT M모바일,초알뜰 3GB/100분,PL241F510,3GB,3GB,,,100분,100건,"월 20,500원",20500,"혜택가 월 4,900원",4900,유심,false,LTE,초알뜰,https://www.ktmmobile.com/rate/rateList.do,2026-05-07T13:21:56.629Z
KT M모바일,시니어 안심 2GB+,PL203D127,2GB+최대400Kbps,2GB,2GB+최대400Kbps,400Kbps,무제한,기본제공,"월 28,000원",28000,"혜택가 월 5,900원",5900,유심,false,LTE,시니어 전용 요금제,https://www.ktmmobile.com/rate/rateList.do,2026-05-07T13:21:57.184Z
KT M모바일,시니어 안심 4GB+,PL203D126,4GB+최대400Kbps,4GB,4GB+최대400Kbps,400Kbps,무제한,기본제공,"월 35,000원",35000,"혜택가 월 6,900원",6900,유심,false,LTE,시니어 전용 요금제,https://www.ktmmobile.com/rate/rateList.do,2026-05-07T13:21:57.184Z
KT M모바일,시니어 모두다 맘껏 4GB+,PL21CM684,4GB+최대1Mbps,4GB,4GB+최대1Mbps,1Mbps,무제한,기본제공,"월 24,000원",24000,"혜택가 월 7,900원",7900,유심,false,LTE,시니어 전용 요금제,https://www.ktmmobile.com/rate/rateList.do,2026-05-07T13:21:57.184Z
KT M모바일,시니어 모두다 맘껏 8GB+,PL21CM685,8GB+최대1Mbps,8GB,8GB+최대1Mbps,1Mbps,무제한,기본제공,"월 30,000원",30000,"혜택가 월 11,900원",11900,유심,false,LTE,시니어 전용 요금제,https://www.ktmmobile.com/rate/rateList.do,2026-05-07T13:21:57.184Z
KT M모바일,키즈 안심 2GB+,PL221L933,2GB+최대400Kbps,2GB,2GB+최대400Kbps,400Kbps,무제한,기본제공,"월 20,000원",20000,"혜택가 월 5,900원",5900,유심,false,LTE,키즈 안심 요금제,https://www.ktmmobile.com/rate/rateList.do,2026-05-07T13:21:57.735Z
KT M모바일,키즈 안심 4GB+,PL221L934,4GB+최대400Kbps,4GB,4GB+최대400Kbps,400Kbps,무제한,기본제공,"월 22,000원",22000,"혜택가 월 6,900원",6900,유심,false,LTE,키즈 안심 요금제,https://www.ktmmobile.com/rate/rateList.do,2026-05-07T13:21:57.735Z
KT M모바일,키즈 안심 8GB+,PL221L935,8GB+최대400Kbps,8GB,8GB+최대400Kbps,400Kbps,무제한,기본제공,"월 28,000원",28000,"혜택가 월 10,900원",10900,유심,false,LTE,키즈 안심 요금제,https://www.ktmmobile.com/rate/rateList.do,2026-05-07T13:21:57.735Z
KT M모바일,키즈 안심 10GB+,PL221L936,10GB+최대400Kbps,10GB,10GB+최대400Kbps,400Kbps,무제한,기본제공,"월 30,000원",30000,"혜택가 월 11,900원",11900,유심,false,LTE,키즈 안심 요금제,https://www.ktmmobile.com/rate/rateList.do,2026-05-07T13:21:57.735Z
KT M모바일,데이터 충분 6GB/100분,PL247N504,6GB,6GB,,,100분,100건,"월 24,000원",24000,"혜택가 월 6,900원",6900,유심,false,LTE,데이터 충분,https://www.ktmmobile.com/rate/rateList.do,2026-05-07T13:21:58.302Z
KT M모바일,데이터 충분 8GB/100분,PL247N506,8GB,8GB,,,100분,100건,"월 26,000원",26000,"혜택가 월 7,900원",7900,유심,false,LTE,데이터 충분,https://www.ktmmobile.com/rate/rateList.do,2026-05-07T13:21:58.302Z
KT M모바일,데이터 충분 10GB/100분,PL247N507,10GB,10GB,,,100분,100건,"월 28,000원",28000,"혜택가 월 8,900원",8900,유심,false,LTE,데이터 충분,https://www.ktmmobile.com/rate/rateList.do,2026-05-07T13:21:58.302Z
KT M모바일,데이터 충분 15GB/100분,PL247N508,15GB,15GB,,,100분,100건,"월 30,000원",30000,"혜택가 월 12,900원",12900,유심,false,LTE,데이터 충분,https://www.ktmmobile.com/rate/rateList.do,2026-05-07T13:21:58.302Z
KT M모바일,데이터 충분 20GB/100분,PL248N666,20GB,20GB,,,100분,100건,"월 33,000원",33000,"혜택가 월 15,900원",15900,유심,false,LTE,데이터 충분,https://www.ktmmobile.com/rate/rateList.do,2026-05-07T13:21:58.302Z
KT M모바일,데이터 맘껏 15GB+/300분,PL213Q207,15GB+최대3Mbps,15GB,15GB+최대3Mbps,3Mbps,300분,300건,"월 55,000원",55000,"혜택가 월 27,500원",27500,유심,false,LTE,데이터 맘껏,https://www.ktmmobile.com/rate/rateList.do,2026-05-07T13:21:58.859Z
KT M모바일,청소년 모두다 맘껏 안심+,PL24BR138,0GB + 최대 400Kbps,0GB,0GB + 최대 400Kbps,400Kbps,무제한,기본제공,"월 20,900원",20900,"혜택가 월 5,900원",5900,유심,false,LTE,청소년 전용 요금제,https://www.ktmmobile.com/rate/rateList.do,2026-05-07T13:21:59.464Z
KT M모바일,청소년 데이터 맘껏 1GB+/300분,PL215K412,1GB+최대1Mbps,1GB,1GB+최대1Mbps,1Mbps,300분,300건,"월 32,000원",32000,"혜택가 월 14,300원",14300,유심,false,LTE,청소년 전용 요금제,https://www.ktmmobile.com/rate/rateList.do,2026-05-07T13:21:59.464Z
KT M모바일,데이터 년9GB,KISOC9GBB,9GB(1년 사용),9GB(1년 사용),,,이용불가,수신허용,"월 33,000원",33000,"혜택가 월 29,700원",29700,유심,false,LTE,2nd 디바이스,https://www.ktmmobile.com/rate/rateList.do,2026-05-07T13:22:00.021Z
KT M모바일,데이터전용 10GB+,KISSDV10G,10GB+최대200Kbps,10GB,10GB+최대200Kbps,200Kbps,이용불가,이용불가,"월 16,300원",16300,"혜택가 월 10,800원",10800,유심,false,LTE,2nd 디바이스,https://www.ktmmobile.com/rate/rateList.do,2026-05-07T13:22:00.021Z
KT M모바일,데이터전용 20GB+,KISSDV20G,20GB+최대200Kbps,20GB,20GB+최대200Kbps,200Kbps,이용불가,이용불가,"월 24,000원",24000,"혜택가 월 14,100원",14100,유심,false,LTE,2nd 디바이스,https://www.ktmmobile.com/rate/rateList.do,2026-05-07T13:22:00.021Z
KT M모바일,데이터쉐어링 전용요금제,KISOPMDSB,0MB(쉐어링 사용),0MB(쉐어링 사용),,,이용불가,수신허용,월 0원,0,,,유심,false,LTE,2nd 디바이스,https://www.ktmmobile.com/rate/rateList.do,2026-05-07T13:22:00.021Z
KT M모바일,복지 안심 7GB+,PL2595308,7GB,7GB,7GB,400Kbps,+영상/부가통화 30분,기본제공,"월 26,000원",26000,"혜택가 월 9,500원",9500,유심,false,LTE,복지 전용 요금제,https://www.ktmmobile.com/rate/rateList.do,2026-05-07T13:22:00.567Z
KT M모바일,복지 안심 5GB+,PL2595307,5GB,5GB,5GB,400Kbps,+영상/부가통화 30분,기본제공,"월 24,000원",24000,"혜택가 월 8,500원",8500,유심,false,LTE,복지 전용 요금제,https://www.ktmmobile.com/rate/rateList.do,2026-05-07T13:22:00.567Z
KT M모바일,복지 안심 3GB+,PL2595306,3GB,3GB,3GB,400Kbps,+영상/부가통화 30분,기본제공,"월 22,000원",22000,"혜택가 월 6,500원",6500,유심,false,LTE,복지 전용 요금제,https://www.ktmmobile.com/rate/rateList.do,2026-05-07T13:22:00.567Z
KT M모바일,복지 안심 1GB+,PL2594280,1GB,1GB,1GB,400Kbps,+영상/부가통화 30분,기본제공,"월 20,000원",20000,"혜택가 월 5,500원",5500,유심,false,LTE,복지 전용 요금제,https://www.ktmmobile.com/rate/rateList.do,2026-05-07T13:22:00.567Z
KT M모바일,5G 데이터 충분 3GB/200분,PL227J328,3GB,3GB,,,200분,100건,"월 20,000원",20000,"혜택가 월 6,900원",6900,유심,false,5G,5G 데이터 충분,https://www.ktmmobile.com/rate/rateList.do,2026-05-07T13:22:01.118Z
KT M모바일,5G 데이터 충분 6GB/200분,PL222N230,6GB,6GB,,,200분,100건,"월 24,000원",24000,"혜택가 월 7,900원",7900,유심,false,5G,5G 데이터 충분,https://www.ktmmobile.com/rate/rateList.do,2026-05-07T13:22:01.118Z
KT M모바일,5G 데이터 충분 10GB/200분,PL222N231,10GB,10GB,,,200분,100건,"월 30,000원",30000,"혜택가 월 9,900원",9900,유심,false,5G,5G 데이터 충분,https://www.ktmmobile.com/rate/rateList.do,2026-05-07T13:22:01.118Z
KT M모바일,5G 데이터 충분 15GB/200분,PL228Q703,15GB,15GB,,,200분,100건,"월 36,000원",36000,"혜택가 월 13,900원",13900,유심,false,5G,5G 데이터 충분,https://www.ktmmobile.com/rate/rateList.do,2026-05-07T13:22:01.118Z
KT M모바일,5G 데이터 충분 20GB/200분,PL22BP536,20GB,20GB,,,200분,100건,"월 40,000원",40000,"혜택가 월 16,900원",16900,유심,false,5G,5G 데이터 충분,https://www.ktmmobile.com/rate/rateList.do,2026-05-07T13:22:01.118Z
KT M모바일,LTE 스마트 워치,PL215K418,250MB+최대 200Kbps,250MB,250MB+최대 200Kbps,200Kbps,50분,250건,"월 11,000원",11000,"혜택가 월 7,700원",7700,유심,false,LTE,스마트워치 전용 요금제,https://www.ktmmobile.com/rate/rateList.do,2026-05-07T13:22:01.649Z
KT M모바일,LTE 데이터 알뜰 0MB/30분,KISUSEV14,0MB,0MB,,,30분,30건,"월 8,800원",8800,"혜택가 월 8,800원",8800,휴대폰,false,LTE,LTE 단말결합 요금제,https://www.ktmmobile.com/rate/rateList.do,2026-05-07T13:22:02.242Z
KT M모바일,LTE 데이터 알뜰 200MB/30분,KISLTEM19,200MB,200MB,,,30분,30건,"월 21,890원",21890,,,휴대폰,false,LTE,LTE 단말결합 요금제,https://www.ktmmobile.com/rate/rateList.do,2026-05-07T13:22:02.242Z
KT M모바일,LTE 데이터 알뜰 500MB/30분,KISLTEU18,500MB,500MB,,,30분,30건,"월 18,700원",18700,,,휴대폰,false,LTE,LTE 단말결합 요금제,https://www.ktmmobile.com/rate/rateList.do,2026-05-07T13:22:02.242Z
KT M모바일,LTE 데이터 알뜰 500MB/60분,PL209L163,500MB,500MB,,,60분,30건,"월 19,800원",19800,,,휴대폰,false,LTE,LTE 단말결합 요금제,https://www.ktmmobile.com/rate/rateList.do,2026-05-07T13:22:02.242Z
KT M모바일,LTE 데이터 실속 3GB/100분,PL243I822,3GB,3GB,,,100분,50건,"월 21,000원",21000,,,휴대폰,false,LTE,LTE 단말결합 요금제,https://www.ktmmobile.com/rate/rateList.do,2026-05-07T13:22:02.242Z
KT M모바일,LTE 데이터 실속 5GB/100분,PL243I826,5GB,5GB,,,100분,50건,"월 25,000원",25000,,,휴대폰,false,LTE,LTE 단말결합 요금제,https://www.ktmmobile.com/rate/rateList.do,2026-05-07T13:22:02.242Z
KT M모바일,LTE 데이터 맘껏 5GB+/100분,PL227J318,5GB+최대 1Mbps,5GB,5GB+최대 1Mbps,1Mbps,100분,100건,"월 33,000원",33000,,,휴대폰,false,LTE,LTE 단말결합 요금제,https://www.ktmmobile.com/rate/rateList.do,2026-05-07T13:22:02.242Z
KT M모바일,LTE 모두다 맘껏 11GB+,KISMFR545,11GB+일2GB+최대3Mbps,11GB+일2GB,11GB+일2GB+최대3Mbps,3Mbps,무제한,기본제공,"월 59,950원",59950,,,휴대폰,false,LTE,LTE 단말결합 요금제,https://www.ktmmobile.com/rate/rateList.do,2026-05-07T13:22:02.242Z
KT M모바일,5G 모두다 맘껏 14GB+,M5GSLIMPP,14GB+최대1Mbps,14GB,14GB+최대1Mbps,1Mbps,무제한,기본제공,"월 55,000원",55000,"혜택가 월 32,000원",32000,유심,false,5G,5G 모두다 맘껏,https://www.ktmmobile.com/rate/rateList.do,2026-05-07T13:22:02.843Z
KT M모바일,5G 모두다 맘껏 30GB+,PL231V999,30GB+최대1Mbps,30GB,30GB+최대1Mbps,1Mbps,무제한,기본제공,"월 61,000원",61000,"혜택가 월 36,700원",36700,유심,false,5G,5G 모두다 맘껏,https://www.ktmmobile.com/rate/rateList.do,2026-05-07T13:22:02.843Z
KT M모바일,5G 모두다 맘껏 50GB+,PL234L658,50GB+최대1Mbps,50GB,50GB+최대1Mbps,1Mbps,무제한,기본제공,"월 63,000원",63000,"혜택가 월 37,900원",37900,유심,false,5G,5G 모두다 맘껏,https://www.ktmmobile.com/rate/rateList.do,2026-05-07T13:22:02.843Z
KT M모바일,5G 모두다 맘껏 안심 6GB+,PL219G979,6GB+최대 400Kbps,6GB,6GB+최대 400Kbps,400Kbps,무제한,기본제공,"월 36,000원",36000,"혜택가 월 11,900원",11900,유심,false,5G,5G 모두다 맘껏 안심,https://www.ktmmobile.com/rate/rateList.do,2026-05-07T13:22:03.402Z
KT M모바일,5G 모두다 맘껏 안심 8GB+,PL219G980,8GB+최대 400Kbps,8GB,8GB+최대 400Kbps,400Kbps,무제한,기본제공,"월 39,000원",39000,"혜택가 월 12,900원",12900,유심,false,5G,5G 모두다 맘껏 안심,https://www.ktmmobile.com/rate/rateList.do,2026-05-07T13:22:03.402Z
KT M모바일,5G 모두다 맘껏 안심 10GB+,PL22BP539,10GB+최대 400Kbps,10GB,10GB+최대 400Kbps,400Kbps,무제한,기본제공,"월 42,000원",42000,"혜택가 월 13,900원",13900,유심,false,5G,5G 모두다 맘껏 안심,https://www.ktmmobile.com/rate/rateList.do,2026-05-07T13:22:03.402Z
KT M모바일,5G 모두다 맘껏 안심 15GB+,PL22BP542,15GB+최대 400Kbps,15GB,15GB+최대 400Kbps,400Kbps,무제한,기본제공,"월 46,000원",46000,"혜택가 월 16,900원",16900,유심,false,5G,5G 모두다 맘껏 안심,https://www.ktmmobile.com/rate/rateList.do,2026-05-07T13:22:03.402Z
KT M모바일,5G 모두다 맘껏 안심 20GB+,PL22BP541,20GB+최대 400Kbps,20GB,20GB+최대 400Kbps,400Kbps,무제한,기본제공,"월 50,000원",50000,"혜택가 월 19,900원",19900,유심,false,5G,5G 모두다 맘껏 안심,https://www.ktmmobile.com/rate/rateList.do,2026-05-07T13:22:03.402Z
KT M모바일,복지 50분/0MB,PL21AT392,0MB,0MB,,,50분,0건,"월 8,800원",8800,,,휴대폰,false,LTE,LTE 복지 전용 요금제,https://www.ktmmobile.com/rate/rateList.do,2026-05-07T13:22:03.928Z
KT M모바일,3G 알뜰 30분/0MB,KIS3GSV18,0MB,0MB,,,30분,0건,"월 18,700원",18700,"혜택가 월 18,700원",18700,유심,false,LTE,고객 맞춤 제공 3G 단말결합 요금제,https://www.ktmmobile.com/rate/rateList.do,2026-05-07T13:22:04.485Z
KT M모바일,3G 알뜰 100분/30MB,KTIS3GM19,30MB,30MB,,,100분,100건,"월 20,900원",20900,"혜택가 월 20,900원",20900,유심,false,LTE,고객 맞춤 제공 3G 단말결합 요금제,https://www.ktmmobile.com/rate/rateList.do,2026-05-07T13:22:04.485Z
KT M모바일,3G 알뜰 180분/30MB,PL209L178,30MB,30MB,,,180분,100건,"월 26,400원",26400,"혜택가 월 26,400원",26400,유심,false,LTE,고객 맞춤 제공 3G 단말결합 요금제,https://www.ktmmobile.com/rate/rateList.do,2026-05-07T13:22:04.485Z
KT M모바일,3G 알뜰 통화맘껏/30MB,PL209L179,30MB,30MB,,,무제한,기본제공,"월 34,100원",34100,"혜택가 월 34,100원",34100,유심,false,LTE,고객 맞춤 제공 3G 단말결합 요금제,https://www.ktmmobile.com/rate/rateList.do,2026-05-07T13:22:04.485Z
KT M모바일,3G 복지 50분/0MB,KISWLF008,0MB,0MB,,,50분,0건,"월 8,800원",8800,"혜택가 월 8,800원",8800,유심,false,LTE,고객 맞춤 제공 3G 단말결합 요금제,https://www.ktmmobile.com/rate/rateList.do,2026-05-07T13:22:04.485Z
KT M모바일,"3G 청소년 안심 10,000",KISBIGI3G,,,,,,,"월 13,200원",13200,"혜택가 월 13,200원",13200,유심,false,LTE,3G 청소년 전용 요금제,https://www.ktmmobile.com/rate/rateList.do,2026-05-07T13:22:05.035Z
KT M모바일,3G 청소년 80분/500건,KIS3GFRPS,0MB,0MB,,,80분,500건,"월 17,600원",17600,"혜택가 월 17,600원",17600,유심,false,LTE,3G 청소년 전용 요금제,https://www.ktmmobile.com/rate/rateList.do,2026-05-07T13:22:05.035Z
KT M모바일,5G 단말 (2GB/200분),PL21BN496,2GB,2GB,,,200분,100건,"월 21,000원",21000,,,휴대폰,false,5G,5G 요금제,https://www.ktmmobile.com/rate/rateList.do,2026-05-07T13:22:06.141Z
KT M모바일,5G 단말 (2GB/통화맘껏),PL218I823,2GB,2GB,,,무제한,기본제공,"월 25,000원",25000,,,휴대폰,false,5G,5G 요금제,https://www.ktmmobile.com/rate/rateList.do,2026-05-07T13:22:06.141Z
KT M모바일,5G 단말 (6GB/통화맘껏),PL218I825,6GB,6GB,,,무제한,기본제공,"월 33,000원",33000,,,휴대폰,false,5G,5G 요금제,https://www.ktmmobile.com/rate/rateList.do,2026-05-07T13:22:06.141Z
KT M모바일,5G 단말 (1GB/100분),PL21BN495,1GB,1GB,,,100분,100건,"월 19,000원",19000,,,휴대폰,false,5G,5G 요금제,https://www.ktmmobile.com/rate/rateList.do,2026-05-07T13:22:06.141Z
KT M모바일,5G 단말 (5GB/200분),PL21BN497,5GB,5GB,,,200분,100건,"월 27,000원",27000,,,휴대폰,false,5G,5G 요금제,https://www.ktmmobile.com/rate/rateList.do,2026-05-07T13:22:06.141Z
KT M모바일,5G 단말 (4GB/통화맘껏),PL218I824,4GB,4GB,,,무제한,기본제공,"월 29,000원",29000,,,휴대폰,false,5G,5G 요금제,https://www.ktmmobile.com/rate/rateList.do,2026-05-07T13:22:06.141Z
KT M모바일,5G 단말 (14GB+/통화맘껏),PL21AI302,14GB+최대1Mbps,14GB,14GB+최대1Mbps,1Mbps,무제한,기본제공,"월 50,000원",50000,,,휴대폰,false,5G,5G 요금제,https://www.ktmmobile.com/rate/rateList.do,2026-05-07T13:22:06.141Z
KT M모바일,5G 단말 (110GB+/통화맘껏),PL21AI303,110GB+최대5Mbps,110GB,110GB+최대5Mbps,5Mbps,무제한,기본제공,"월 69,000원",69000,,,휴대폰,false,5G,5G 요금제,https://www.ktmmobile.com/rate/rateList.do,2026-05-07T13:22:06.141Z
KT M모바일,5G 통화 맘껏 3GB,PL226S984,3GB,3GB,,,무제한,기본제공,"월 28,000원",28000,"혜택가 월 6,900원",6900,유심,false,5G,5G 통화 맘껏,https://www.ktmmobile.com/rate/rateList.do,2026-05-07T13:22:06.679Z
KT M모바일,5G 통화 맘껏 6GB,PL221L939,6GB,6GB,,,무제한,기본제공,"월 33,000원",33000,"혜택가 월 9,900원",9900,유심,false,5G,5G 통화 맘껏,https://www.ktmmobile.com/rate/rateList.do,2026-05-07T13:22:06.679Z
KT M모바일,5G 통화 맘껏 10GB,PL221L940,10GB,10GB,,,무제한,기본제공,"월 42,000원",42000,"혜택가 월 12,900원",12900,유심,false,5G,5G 통화 맘껏,https://www.ktmmobile.com/rate/rateList.do,2026-05-07T13:22:06.679Z
KT M모바일,5G 통화 맘껏 15GB,PL226S993,15GB,15GB,,,무제한,기본제공,"월 44,000원",44000,"혜택가 월 14,900원",14900,유심,false,5G,5G 통화 맘껏,https://www.ktmmobile.com/rate/rateList.do,2026-05-07T13:22:06.679Z
KT M모바일,5G 통화 맘껏 20GB,PL22BP535,20GB,20GB,,,무제한,기본제공,"월 46,000원",46000,"혜택가 월 17,900원",17900,유심,false,5G,5G 통화 맘껏,https://www.ktmmobile.com/rate/rateList.do,2026-05-07T13:22:06.679Z
KT M모바일,e 5G 통화 150분,PL228Q716,0MB,0MB,,,150분,150건,"월 9,900원",9900,"혜택가 월 3,300원",3300,eSIM,false,5G,5G e 요금제,https://www.ktmmobile.com/rate/rateList.do,2026-05-07T13:22:07.213Z
KT M모바일,e 5G 통화 300분,PL228Q724,0MB,0MB,,,300분,300건,"월 11,000원",11000,"혜택가 월 6,600원",6600,eSIM,false,5G,5G e 요금제,https://www.ktmmobile.com/rate/rateList.do,2026-05-07T13:22:07.213Z
KT M모바일,LTE 시니어 안심 2GB+,PL227J316,2GB+최대400Kbps,2GB,2GB+최대400Kbps,400Kbps,무제한,기본제공,"월 28,000원",28000,,,휴대폰,false,LTE,LTE 시니어 전용 요금제,https://www.ktmmobile.com/rate/rateList.do,2026-05-07T13:22:07.744Z
헬로모바일,The 착한 데이터 유심 11GB,PDLB000041,11GB+일2GB,11GB+일2GB,11GB+일2GB+3Mbps,3Mbps,무제한,무제한,"월 32,990원",32990,,,유심,false,LTE,LTE USIM 요금제,https://direct.lghellovision.net/rate/rateViewUsim.do,2026-05-07T13:22:11.171Z
헬로모바일,DATA 걱정없는 유심 7GB,PDLB000179,7GB,7GB,7GB+2Mbps,2Mbps,무제한,무제한,"월 15,900원",15900,,,유심,false,LTE,LTE USIM 요금제,https://direct.lghellovision.net/rate/rateViewUsim.do,2026-05-07T13:22:11.171Z
헬로모바일,DATA 걱정없는 유심 1GB,PDLB000212,1GB,1GB,1GB+2Mbps,2Mbps,무제한,무제한,"월 7,500원",7500,,,유심,false,LTE,LTE USIM 요금제,https://direct.lghellovision.net/rate/rateViewUsim.do,2026-05-07T13:22:11.171Z
헬로모바일,쿠폰팩 유심 일5GB,PDLB000328,일5GB,일5GB,일5GB+4Mbps,4Mbps,무제한,무제한,"월 41,390원",41390,,,유심,false,LTE,LTE USIM 요금제,https://direct.lghellovision.net/rate/rateViewUsim.do,2026-05-07T13:22:11.171Z
헬로모바일,쿠폰팩 유심 10GB,PDLB000330,10GB,10GB,10GB+2Mbps,2Mbps,무제한,무제한,"월 21,300원",21300,,,유심,false,LTE,LTE USIM 요금제,https://direct.lghellovision.net/rate/rateViewUsim.do,2026-05-07T13:22:11.171Z
헬로모바일,쿠폰팩 유심 7GB,PDLB000329,7GB,7GB,7GB+2Mbps,2Mbps,무제한,무제한,"월 18,330원",18330,,,유심,false,LTE,LTE USIM 요금제,https://direct.lghellovision.net/rate/rateViewUsim.do,2026-05-07T13:22:11.171Z
헬로모바일,쿠폰팩 유심 11GB,PDLB000332,11GB+일2GB,11GB+일2GB,11GB+일2GB+3Mbps,3Mbps,무제한,무제한,"월 35,730원",35730,,,유심,false,LTE,LTE USIM 요금제,https://direct.lghellovision.net/rate/rateViewUsim.do,2026-05-07T13:22:11.171Z
헬로모바일,쿠폰팩 유심 1GB,PDLB000334,1GB,1GB,1GB+2Mbps,2Mbps,무제한,무제한,"월 9,900원",9900,,,유심,false,LTE,LTE USIM 요금제,https://direct.lghellovision.net/rate/rateViewUsim.do,2026-05-07T13:22:11.171Z
헬로모바일,쿠폰팩 유심 15GB 100분,PDLB000333,15GB,15GB,15GB+3Mbps,3Mbps,100분,100건,"월 31,220원",31220,,,유심,false,LTE,LTE USIM 요금제,https://direct.lghellovision.net/rate/rateViewUsim.do,2026-05-07T13:22:11.171Z
헬로모바일,쿠폰팩 데이터 더주는 유심 7GB,PDLB000337,7GB,7GB,7GB+2Mbps,2Mbps,무제한,무제한,"월 19,800원",19800,,,유심,false,LTE,LTE USIM 요금제,https://direct.lghellovision.net/rate/rateViewUsim.do,2026-05-07T13:22:11.172Z
헬로모바일,쿠폰팩 데이터 더주는 유심 11GB,PDLB000340,11GB+일2GB,11GB+일2GB,11GB+일2GB+3Mbps,3Mbps,무제한,무제한,"월 37,330원",37330,,,유심,false,LTE,LTE USIM 요금제,https://direct.lghellovision.net/rate/rateViewUsim.do,2026-05-07T13:22:11.172Z
헬로모바일,쿠폰팩 데이터 더주는 유심 일5GB,PDLB000336,일5GB,일5GB,일5GB+4Mbps,4Mbps,무제한,무제한,"월 43,050원",43050,,,유심,false,LTE,LTE USIM 요금제,https://direct.lghellovision.net/rate/rateViewUsim.do,2026-05-07T13:22:11.172Z
헬로모바일,쿠폰팩 데이터 더주는 유심 10GB,PDLB000338,10GB,10GB,10GB+2Mbps,2Mbps,무제한,무제한,"월 22,900원",22900,,,유심,false,LTE,LTE USIM 요금제,https://direct.lghellovision.net/rate/rateViewUsim.do,2026-05-07T13:22:11.172Z
헬로모바일,데이터 더주는 유심 7GB,PDLB000314,7GB,7GB,7GB+2Mbps,2Mbps,무제한,무제한,"월 17,400원",17400,,,유심,false,LTE,LTE USIM 요금제,https://direct.lghellovision.net/rate/rateViewUsim.do,2026-05-07T13:22:11.172Z
헬로모바일,데이터 더주는 유심 11GB,PDLB000317,11GB+일2GB,11GB+일2GB,11GB+일2GB+3Mbps,3Mbps,무제한,무제한,"월 34,930원",34930,,,유심,false,LTE,LTE USIM 요금제,https://direct.lghellovision.net/rate/rateViewUsim.do,2026-05-07T13:22:11.172Z
헬로모바일,데이터 더주는 유심 15GB 100분,PDLB000318,15GB,15GB,15GB+3Mbps,3Mbps,100분,100건,"월 29,900원",29900,,,유심,false,LTE,LTE USIM 요금제,https://direct.lghellovision.net/rate/rateViewUsim.do,2026-05-07T13:22:11.172Z
헬로모바일,쿠폰팩 유심 5GB,PDLB000375,5GB,5GB,5GB+2Mbps,2Mbps,무제한,무제한,"월 19,200원",19200,,,유심,false,LTE,LTE USIM 요금제,https://direct.lghellovision.net/rate/rateViewUsim.do,2026-05-07T13:22:11.172Z
헬로모바일,쿠폰팩 유심 15GB,PDLB000331,15GB,15GB,15GB+2Mbps,2Mbps,무제한,무제한,"월 23,350원",23350,,,유심,false,LTE,LTE USIM 요금제,https://direct.lghellovision.net/rate/rateViewUsim.do,2026-05-07T13:22:11.172Z
헬로모바일,쿠폰팩 데이터 더주는 유심 15GB,PDLB000339,15GB,15GB,15GB+2Mbps,2Mbps,무제한,무제한,"월 24,800원",24800,,,유심,false,LTE,LTE USIM 요금제,https://direct.lghellovision.net/rate/rateViewUsim.do,2026-05-07T13:22:11.172Z
헬로모바일,DATA 걱정없는 유심 일5GB,PDLB000122,일5GB,일5GB,일5GB+4Mbps,4Mbps,무제한,무제한,"월 38,990원",38990,,,유심,false,LTE,LTE USIM 요금제,https://direct.lghellovision.net/rate/rateViewUsim.do,2026-05-07T13:22:11.172Z
헬로모바일,슬림 유심 500MB 50분,PDLB000042,500GB,500GB,,,50분,50건,"월 1,700원",1700,,,유심,false,LTE,LTE USIM 요금제,https://direct.lghellovision.net/rate/rateViewUsim.do,2026-05-07T13:22:11.172Z
헬로모바일,슬림 유심 1GB 100분,PDLB000045,1GB,1GB,,,100분,50건,"월 2,700원",2700,,,유심,false,LTE,LTE USIM 요금제,https://direct.lghellovision.net/rate/rateViewUsim.do,2026-05-07T13:22:11.172Z
헬로모바일,슬림 유심 2GB 200분,PDLB000049,2GB,2GB,,,200분,150건,"월 3,700원",3700,,,유심,false,LTE,LTE USIM 요금제,https://direct.lghellovision.net/rate/rateViewUsim.do,2026-05-07T13:22:11.172Z
헬로모바일,슬림 유심 1GB 50분,PDLB000044,1GB,1GB,,,50분,기본제공,"월 4,450원",4450,,,유심,false,LTE,LTE USIM 요금제,https://direct.lghellovision.net/rate/rateViewUsim.do,2026-05-07T13:22:11.172Z
헬로모바일,The 착한 데이터 유심 0GB,PDLB000326,,,,,무제한,무제한,"월 4,900원",4900,,,유심,false,LTE,LTE USIM 요금제,https://direct.lghellovision.net/rate/rateViewUsim.do,2026-05-07T13:22:11.172Z
헬로모바일,CU 유심 1.5GB 150분,PDLB000061,1.5GB,1.5GB,,,150분,150건,"월 5,900원",5900,,,유심,false,LTE,LTE USIM 요금제,https://direct.lghellovision.net/rate/rateViewUsim.do,2026-05-07T13:22:11.172Z
헬로모바일,The 착한 데이터 유심 1.3GB,PDLB000037,1.3GB,1.3GB,,,무제한,무제한,"월 6,300원",6300,,,유심,false,LTE,LTE USIM 요금제,https://direct.lghellovision.net/rate/rateViewUsim.do,2026-05-07T13:22:11.172Z
헬로모바일,청소년 안심유심 1GB,PDLB000305,1GB,1GB,1GB+2Mbps,2Mbps,무제한,무제한,"월 6,900원",6900,,,유심,false,LTE,LTE USIM 요금제,https://direct.lghellovision.net/rate/rateViewUsim.do,2026-05-07T13:22:11.172Z
헬로모바일,토이저러스 키즈 유심 100MB,PDLB000109,100GB,100GB,100GB+1Mbps,1Mbps,50분,100건,"월 7,260원",7260,,,유심,false,LTE,LTE USIM 요금제,https://direct.lghellovision.net/rate/rateViewUsim.do,2026-05-07T13:22:11.172Z
헬로모바일,청소년 안심유심 1GB 100분,PDLB000306,1GB,1GB,1GB+2Mbps,2Mbps,100분,100건,"월 7,500원",7500,,,유심,false,LTE,LTE USIM 요금제,https://direct.lghellovision.net/rate/rateViewUsim.do,2026-05-07T13:22:11.172Z
헬로모바일,보편 안심 유심 1GB 100분,PDLB000216,1GB,1GB,1GB+2Mbps,2Mbps,100분,100건,"월 7,900원",7900,,,유심,false,LTE,LTE USIM 요금제,https://direct.lghellovision.net/rate/rateViewUsim.do,2026-05-07T13:22:11.172Z
헬로모바일,청소년 안심유심 5GB,PDLB000382,5GB,5GB,5GB+2Mbps,2Mbps,무제한,무제한,"월 7,900원",7900,,,유심,false,LTE,LTE USIM 요금제,https://direct.lghellovision.net/rate/rateViewUsim.do,2026-05-07T13:22:11.172Z
헬로모바일,5G 유심 6GB 200분,PDLB000231,6GB,6GB,,,200분,100건,"월 7,900원",7900,,,유심,false,5G,5G USIM 요금제,https://direct.lghellovision.net/rate/rateViewUsim.do,2026-05-07T13:22:11.172Z
헬로모바일,The 착한 데이터 유심 2.5GB,PDLB000221,2.5GB,2.5GB,,,무제한,무제한,"월 7,950원",7950,,,유심,false,LTE,LTE USIM 요금제,https://direct.lghellovision.net/rate/rateViewUsim.do,2026-05-07T13:22:11.172Z
헬로모바일,5G 유심 통화 맘편히 3GB,PDLB000198,3GB,3GB,,,무제한,무제한,"월 7,990원",7990,,,유심,false,5G,5G USIM 요금제,https://direct.lghellovision.net/rate/rateViewUsim.do,2026-05-07T13:22:11.172Z
헬로모바일,LTE 유심 복지 3.5GB 150분,PDLB000237,3.5GB,3.5GB,,,150분,100건,"월 8,500원",8500,,,유심,false,LTE,LTE USIM 요금제,https://direct.lghellovision.net/rate/rateViewUsim.do,2026-05-07T13:22:11.172Z
헬로모바일,보편 유심 3.5GB 150분,PDLB000050,3.5GB,3.5GB,,,150분,100건,"월 8,500원",8500,,,유심,false,LTE,LTE USIM 요금제,https://direct.lghellovision.net/rate/rateViewUsim.do,2026-05-07T13:22:11.172Z
헬로모바일,슬림 안심 유심 1GB 100분,PDLB000126,1GB,1GB,1GB+1Mbps,1Mbps,100분,50건,"월 8,800원",8800,,,유심,false,LTE,LTE USIM 요금제,https://direct.lghellovision.net/rate/rateViewUsim.do,2026-05-07T13:22:11.172Z
헬로모바일,The 착한 데이터 유심 3.6GB,PDLB000038,3.6GB,3.6GB,,,무제한,무제한,"월 8,950원",8950,,,유심,false,LTE,LTE USIM 요금제,https://direct.lghellovision.net/rate/rateViewUsim.do,2026-05-07T13:22:11.172Z
헬로모바일,보편 유심 5GB 100분,PDLB000123,5GB,5GB,,,100분,50건,"월 9,500원",9500,,,유심,false,LTE,LTE USIM 요금제,https://direct.lghellovision.net/rate/rateViewUsim.do,2026-05-07T13:22:11.172Z
헬로모바일,보편 유심 5GB 200분,PDLB000054,5GB,5GB,,,200분,100건,"월 9,900원",9900,,,유심,false,LTE,LTE USIM 요금제,https://direct.lghellovision.net/rate/rateViewUsim.do,2026-05-07T13:22:11.172Z
헬로모바일,5G 유심 10GB 200분,PDLB000232,10GB,10GB,,,200분,100건,"월 9,900원",9900,,,유심,false,5G,5G USIM 요금제,https://direct.lghellovision.net/rate/rateViewUsim.do,2026-05-07T13:22:11.172Z
헬로모바일,슬림 안심 유심 2.5GB 200분,PDLB000219,2.5GB,2.5GB,2.5GB+2Mbps,2Mbps,200분,100건,"월 10,500원",10500,,,유심,false,LTE,LTE USIM 요금제,https://direct.lghellovision.net/rate/rateViewUsim.do,2026-05-07T13:22:11.172Z
헬로모바일,데이터 유심 10GB,PDLB000071,10GB,10GB,,,기본제공,기본제공,"월 10,780원",10780,,,유심,false,LTE,LTE USIM 패드 요금제,https://direct.lghellovision.net/rate/rateViewUsim.do,2026-05-07T13:22:11.172Z
헬로모바일,5G 유심 통화 맘편히 6GB,PDLB000199,6GB,6GB,,,무제한,무제한,"월 11,950원",11950,,,유심,false,5G,5G USIM 요금제,https://direct.lghellovision.net/rate/rateViewUsim.do,2026-05-07T13:22:11.172Z
헬로모바일,보편 안심 유심 3GB 200분,PDLB000052,3GB,3GB,3GB+1Mbps,1Mbps,200분,100건,"월 12,500원",12500,,,유심,false,LTE,LTE USIM 요금제,https://direct.lghellovision.net/rate/rateViewUsim.do,2026-05-07T13:22:11.172Z
헬로모바일,청소년 안심유심 4.5GB,PDLB000304,4.5GB,4.5GB,4.5GB+2Mbps,2Mbps,무제한,무제한,"월 12,900원",12900,,,유심,false,LTE,LTE USIM 요금제,https://direct.lghellovision.net/rate/rateViewUsim.do,2026-05-07T13:22:11.172Z
헬로모바일,슬림 안심 유심 2.5GB 250분,PDLB000220,2.5GB,2.5GB,2.5GB+2Mbps,2Mbps,250분,250건,"월 13,200원",13200,,,유심,false,LTE,LTE USIM 요금제,https://direct.lghellovision.net/rate/rateViewUsim.do,2026-05-07T13:22:11.172Z
헬로모바일,유심 시니어 통화 데이터 넉넉히 2GB,PDLB000175,2GB,2GB,2GB+1Mbps,1Mbps,무제한,무제한,"월 13,200원",13200,,,유심,false,LTE,LTE USIM 요금제,https://direct.lghellovision.net/rate/rateViewUsim.do,2026-05-07T13:22:11.172Z
헬로모바일,보편 안심 유심 5GB 100분,PDLB000217,5GB,5GB,5GB+2Mbps,2Mbps,100분,100건,"월 13,500원",13500,,,유심,false,LTE,LTE USIM 요금제,https://direct.lghellovision.net/rate/rateViewUsim.do,2026-05-07T13:22:11.172Z
헬로모바일,시니어 안심보험 유심 4GB,PDLB000380,4GB,4GB,4GB+2Mbps,2Mbps,무제한,무제한,"월 13,500원",13500,,,유심,false,LTE,LTE USIM 요금제,https://direct.lghellovision.net/rate/rateViewUsim.do,2026-05-07T13:22:11.172Z
헬로모바일,보편 안심 유심 5GB 200분,PDLB000177,5GB,5GB,5GB+2Mbps,2Mbps,200분,100건,"월 13,900원",13900,,,유심,false,LTE,LTE USIM 요금제,https://direct.lghellovision.net/rate/rateViewUsim.do,2026-05-07T13:22:11.172Z
헬로모바일,데이터 유심 20GB,PDLB000072,20GB,20GB,,,기본제공,기본제공,"월 14,080원",14080,,,유심,false,LTE,LTE USIM 패드 요금제,https://direct.lghellovision.net/rate/rateViewUsim.do,2026-05-07T13:22:11.172Z
헬로모바일,DATA 걱정없는 유심 5GB,PDLB000213,5GB,5GB,5GB+2Mbps,2Mbps,무제한,무제한,"월 14,400원",14400,,,유심,false,LTE,LTE USIM 요금제,https://direct.lghellovision.net/rate/rateViewUsim.do,2026-05-07T13:22:11.172Z
헬로모바일,5G 유심 통화 맘편히 9GB,PDLB000200,9GB,9GB,,,무제한,무제한,"월 14,500원",14500,,,유심,false,5G,5G USIM 요금제,https://direct.lghellovision.net/rate/rateViewUsim.do,2026-05-07T13:22:11.172Z
헬로모바일,5G 유심 15GB 200분,PDLB000233,15GB,15GB,,,200분,100건,"월 14,900원",14900,,,유심,false,5G,5G USIM 요금제,https://direct.lghellovision.net/rate/rateViewUsim.do,2026-05-07T13:22:11.172Z
헬로모바일,DATA 걱정없는 유심 4.5GB,PDLB000178,4.5GB,4.5GB,4.5GB+2Mbps,2Mbps,무제한,무제한,"월 15,000원",15000,,,유심,false,LTE,LTE USIM 요금제,https://direct.lghellovision.net/rate/rateViewUsim.do,2026-05-07T13:22:11.172Z
헬로모바일,보편 안심 유심 6GB 200분,PDLB000218,6GB,6GB,6GB+2Mbps,2Mbps,200분,100건,"월 15,200원",15200,,,유심,false,LTE,LTE USIM 요금제,https://direct.lghellovision.net/rate/rateViewUsim.do,2026-05-07T13:22:11.172Z
헬로모바일,토이저러스 키즈 유심 2.5GB,PDLB000108,2.5GB,2.5GB,2.5GB+1Mbps,1Mbps,100분,100건,"월 15,290원",15290,,,유심,false,LTE,LTE USIM 요금제,https://direct.lghellovision.net/rate/rateViewUsim.do,2026-05-07T13:22:11.172Z
헬로모바일,안심보험 유심 5GB,PDLB000377,5GB,5GB,5GB+2Mbps,2Mbps,무제한,무제한,"월 15,400원",15400,,,유심,false,LTE,LTE USIM 요금제,https://direct.lghellovision.net/rate/rateViewUsim.do,2026-05-07T13:22:11.172Z
헬로모바일,청소년 안심 유심 27,PDLB000068,750GB,750GB,750GB+1Mbps,1Mbps,무제한,무제한,"월 16,500원",16500,,,유심,false,LTE,LTE USIM 요금제,https://direct.lghellovision.net/rate/rateViewUsim.do,2026-05-07T13:22:11.172Z
헬로모바일,5G유심 15GB 300분,PDLB000388,15GB,15GB,,,300분,300건,"월 16,900원",16900,,,유심,false,5G,5G USIM 요금제,https://direct.lghellovision.net/rate/rateViewUsim.do,2026-05-07T13:22:11.172Z
헬로모바일,DATA 걱정없는 유심 6GB,PDLB000214,6GB,6GB,6GB+2Mbps,2Mbps,무제한,무제한,"월 16,900원",16900,,,유심,false,LTE,LTE USIM 요금제,https://direct.lghellovision.net/rate/rateViewUsim.do,2026-05-07T13:22:11.172Z
헬로모바일,The 착한 데이터 유심 9GB 3000분,PDLB000222,9GB,9GB,,,3000분,1000건,"월 16,900원",16900,,,유심,false,LTE,LTE USIM 요금제,https://direct.lghellovision.net/rate/rateViewUsim.do,2026-05-07T13:22:11.172Z
헬로모바일,안심보험 유심 7GB,PDLB000376,7GB,7GB,7GB+2Mbps,2Mbps,무제한,무제한,"월 17,300원",17300,,,유심,false,LTE,LTE USIM 요금제,https://direct.lghellovision.net/rate/rateViewUsim.do,2026-05-07T13:22:11.172Z
헬로모바일,쿠폰팩 유심 4.5GB,PDLB000335,4.5GB,4.5GB,4.5GB+2Mbps,2Mbps,무제한,무제한,"월 17,900원",17900,,,유심,false,LTE,LTE USIM 요금제,https://direct.lghellovision.net/rate/rateViewUsim.do,2026-05-07T13:22:11.172Z
헬로모바일,보편 안심 유심 10GB 100분,PDLB000215,10GB,10GB,10GB+2Mbps,2Mbps,100분,100건,"월 18,500원",18500,,,유심,false,LTE,LTE USIM 요금제,https://direct.lghellovision.net/rate/rateViewUsim.do,2026-05-07T13:22:11.172Z
헬로모바일,유심 시니어 통화 데이터 넉넉히 4GB,PDLB000176,4GB,4GB,4GB+1Mbps,1Mbps,무제한,무제한,"월 18,700원",18700,,,유심,false,LTE,LTE USIM 요금제,https://direct.lghellovision.net/rate/rateViewUsim.do,2026-05-07T13:22:11.172Z
헬로모바일,보편 안심 유심 10GB 200분,PDLB000174,10GB,10GB,10GB+2Mbps,2Mbps,200분,100건,"월 18,900원",18900,,,유심,false,LTE,LTE USIM 요금제,https://direct.lghellovision.net/rate/rateViewUsim.do,2026-05-07T13:22:11.172Z
헬로모바일,DATA 걱정없는 유심 10GB,PDLB000255,10GB,10GB,10GB+2Mbps,2Mbps,무제한,무제한,"월 18,900원",18900,,,유심,false,LTE,LTE USIM 요금제,https://direct.lghellovision.net/rate/rateViewUsim.do,2026-05-07T13:22:11.172Z
헬로모바일,5G 라이트 유심 15GB 300분,PDLB000387,15GB,15GB,15GB+2Mbps,2Mbps,300분,300건,"월 19,900원",19900,,,유심,false,5G,5G USIM 요금제,https://direct.lghellovision.net/rate/rateViewUsim.do,2026-05-07T13:22:11.172Z
헬로모바일,데이터 더주는 유심 10GB,PDLB000315,10GB,10GB,10GB+2Mbps,2Mbps,무제한,무제한,"월 20,500원",20500,,,유심,false,LTE,LTE USIM 요금제,https://direct.lghellovision.net/rate/rateViewUsim.do,2026-05-07T13:22:11.172Z
헬로모바일,DATA 걱정없는 유심 15GB,PDLB000293,15GB,15GB,15GB+2Mbps,2Mbps,무제한,무제한,"월 20,950원",20950,,,유심,false,LTE,LTE USIM 요금제,https://direct.lghellovision.net/rate/rateViewUsim.do,2026-05-07T13:22:11.172Z
헬로모바일,데이터 더주는 유심 15GB,PDLB000316,15GB,15GB,15GB+2Mbps,2Mbps,무제한,무제한,"월 22,400원",22400,,,유심,false,LTE,LTE USIM 요금제,https://direct.lghellovision.net/rate/rateViewUsim.do,2026-05-07T13:22:11.172Z
헬로모바일,DATA 걱정없는 유심 2.5GB,PDLB000119,2.5GB,2.5GB,2.5GB+1Mbps,1Mbps,무제한,무제한,"월 25,100원",25100,,,유심,false,LTE,LTE USIM 요금제,https://direct.lghellovision.net/rate/rateViewUsim.do,2026-05-07T13:22:11.172Z
헬로모바일,보편 안심 유심 15GB 100분,PDLB000060,15GB,15GB,15GB+3Mbps,3Mbps,100분,100건,"월 28,820원",28820,,,유심,false,LTE,LTE USIM 요금제,https://direct.lghellovision.net/rate/rateViewUsim.do,2026-05-07T13:22:11.172Z
헬로모바일,보편 안심 유심 15GB 180분,PDLB000301,15GB,15GB,15GB+3Mbps,3Mbps,180분,100건,"월 30,800원",30800,,,유심,false,LTE,LTE USIM 요금제,https://direct.lghellovision.net/rate/rateViewUsim.do,2026-05-07T13:22:11.172Z
헬로모바일,보편 안심 유심 15GB 300분,PDLB000302,15GB,15GB,15GB+3Mbps,3Mbps,300분,300건,"월 31,900원",31900,,,유심,false,LTE,LTE USIM 요금제,https://direct.lghellovision.net/rate/rateViewUsim.do,2026-05-07T13:22:11.172Z
헬로모바일,쿠폰팩 데이터 더주는 유심 15GB 100분,PDLB000341,15GB,15GB,15GB+3Mbps,3Mbps,100분,100건,"월 32,300원",32300,,,유심,false,LTE,LTE USIM 요금제,https://direct.lghellovision.net/rate/rateViewUsim.do,2026-05-07T13:22:11.172Z
헬로모바일,5G 라이트 유심 12GB,PDLB000190,12GB,12GB,12GB+2Mbps,2Mbps,무제한,무제한,"월 33,900원",33900,,,유심,false,5G,5G USIM 요금제,https://direct.lghellovision.net/rate/rateViewUsim.do,2026-05-07T13:22:11.172Z
헬로모바일,5G 라이트 유심 14GB,PDLB000303,14GB,14GB,14GB+2Mbps,2Mbps,무제한,무제한,"월 36,300원",36300,,,유심,false,5G,5G USIM 요금제,https://direct.lghellovision.net/rate/rateViewUsim.do,2026-05-07T13:22:11.172Z
헬로모바일,DATA 걱정없는 유심 100GB,PDLB000372,100GB,100GB,100GB+4Mbps,4Mbps,무제한,무제한,"월 38,200원",38200,,,유심,false,LTE,LTE USIM 요금제,https://direct.lghellovision.net/rate/rateViewUsim.do,2026-05-07T13:22:11.172Z
헬로모바일,5G 유심 중간요금제 50GB,PDLB000267,50GB,50GB,50GB+2Mbps,2Mbps,무제한,무제한,"월 38,500원",38500,,,유심,false,5G,5G USIM 요금제,https://direct.lghellovision.net/rate/rateViewUsim.do,2026-05-07T13:22:11.172Z
헬로모바일,5G 유심 중간요금제 31GB,PDLB000266,31GB,31GB,31GB+2Mbps,2Mbps,무제한,무제한,"월 39,600원",39600,,,유심,false,5G,5G USIM 요금제,https://direct.lghellovision.net/rate/rateViewUsim.do,2026-05-07T13:22:11.172Z
헬로모바일,데이터 더주는 유심 일5GB,PDLB000313,일5GB,일5GB,일5GB+4Mbps,4Mbps,무제한,무제한,"월 40,650원",40650,,,유심,false,LTE,LTE USIM 요금제,https://direct.lghellovision.net/rate/rateViewUsim.do,2026-05-07T13:22:11.172Z
헬로모바일,5G 유심 중간요금제 80GB,PDLB000268,80GB,80GB,80GB+2Mbps,2Mbps,무제한,무제한,"월 42,680원",42680,,,유심,false,5G,5G USIM 요금제,https://direct.lghellovision.net/rate/rateViewUsim.do,2026-05-07T13:22:11.172Z
헬로모바일,5G 유심 중간요금제 125GB,PDLB000270,125GB,125GB,125GB+4Mbps,4Mbps,무제한,무제한,"월 43,000원",43000,,,유심,false,5G,5G USIM 요금제,https://direct.lghellovision.net/rate/rateViewUsim.do,2026-05-07T13:22:11.172Z
헬로모바일,5G 유심 중간요금제 95GB,PDLB000269,95GB,95GB,95GB+3Mbps,3Mbps,무제한,무제한,"월 44,000원",44000,,,유심,false,5G,5G USIM 요금제,https://direct.lghellovision.net/rate/rateViewUsim.do,2026-05-07T13:22:11.172Z
헬로모바일,5G 스탠다드 유심 150GB,PDLB000191,150GB,150GB,150GB+4Mbps,4Mbps,무제한,무제한,"월 49,900원",49900,,,유심,false,5G,5G USIM 요금제,https://direct.lghellovision.net/rate/rateViewUsim.do,2026-05-07T13:22:11.172Z
헬로모바일,5G 스페셜 유심 180GB,PDLB000030,180GB,180GB,180GB+5Mbps,5Mbps,무제한,무제한,"월 55,000원",55000,,,유심,false,5G,5G USIM 요금제,https://direct.lghellovision.net/rate/rateViewUsim.do,2026-05-07T13:22:11.172Z
헬로모바일,사과 5G 스페셜 유심 180GB,PDLB000151,180GB,180GB,180GB+5Mbps,5Mbps,무제한,무제한,"월 60,500원",60500,,,유심,false,5G,5G USIM 요금제,https://direct.lghellovision.net/rate/rateViewUsim.do,2026-05-07T13:22:11.172Z
헬로모바일,LTE USIM 표준,PDB0000074,,,,,기본제공,기본제공,"월 9,790원",9790,,,유심,false,LTE,LTE USIM 요금제,https://direct.lghellovision.net/rate/rateViewUsim.do,2026-05-07T13:22:12.597Z
헬로모바일,The 착한 데이터 USIM 15GB,PDB0000089,15GB+일2GB,15GB+일2GB,15GB+일2GB+3Mbps,3Mbps,무제한,무제한,"월 54,890원",54890,,,유심,false,LTE,LTE USIM 요금제,https://direct.lghellovision.net/rate/rateViewUsim.do,2026-05-07T13:22:12.597Z
헬로모바일,헬로 패드 USIM 2GB,PDB0000149,2GB,2GB,,,기본제공,기본제공,"월 14,300원",14300,,,유심,false,LTE,LTE USIM 패드 요금제,https://direct.lghellovision.net/rate/rateViewUsim.do,2026-05-07T13:22:12.597Z
헬로모바일,CU USIM 10GB 100분,PDB0000194,10GB,10GB,,,100분,100건,"월 20,900원",20900,,,유심,false,LTE,LTE USIM 요금제,https://direct.lghellovision.net/rate/rateViewUsim.do,2026-05-07T13:22:12.597Z
헬로모바일,데이터 걱정없는 USIM 100GB,PDB0000260,100GB,100GB,100GB+4Mbps,4Mbps,무제한,무제한,"월 41,500원",41500,,,유심,false,LTE,LTE USIM 요금제,https://direct.lghellovision.net/rate/rateViewUsim.do,2026-05-07T13:22:12.597Z
헬로모바일,착한 페이백 데이터 USIM 2GB,PDB0000132,2GB,2GB,,,무제한,무제한,"월 35,900원",35900,,,유심,false,LTE,LTE USIM 요금제,https://direct.lghellovision.net/rate/rateViewUsim.do,2026-05-07T13:22:12.597Z
헬로모바일,조건없는 USIM LTE 수다 1.5GB,PDB0000117,1.5GB,1.5GB,,,185분,무제한,"월 25,300원",25300,,,유심,false,LTE,LTE USIM 요금제,https://direct.lghellovision.net/rate/rateViewUsim.do,2026-05-07T13:22:12.597Z
헬로모바일,보편 USIM 10GB,PDB0000159,10GB,10GB,,,100분,100건,"월 20,900원",20900,,,유심,false,LTE,LTE USIM 요금제,https://direct.lghellovision.net/rate/rateViewUsim.do,2026-05-07T13:22:12.597Z
헬로모바일,The 착한 데이터 USIM 6GB,PDB0000087,6GB,6GB,,,무제한,무제한,"월 29,700원",29700,,,유심,false,LTE,LTE USIM 요금제,https://direct.lghellovision.net/rate/rateViewUsim.do,2026-05-07T13:22:12.597Z
헬로모바일,데이터 걱정없는 USIM 3GB,PDB0000261,3GB,3GB,3GB+2Mbps,2Mbps,무제한,무제한,"월 25,950원",25950,,,유심,false,LTE,LTE USIM 요금제,https://direct.lghellovision.net/rate/rateViewUsim.do,2026-05-07T13:22:12.597Z
헬로모바일,데이터 걱정없는 USIM 7GB,PDB0000279,7GB,7GB,7GB+2Mbps,2Mbps,무제한,무제한,"월 17,500원",17500,,,유심,false,LTE,LTE USIM 요금제,https://direct.lghellovision.net/rate/rateViewUsim.do,2026-05-07T13:22:12.597Z
헬로모바일,CU USIM 1.5GB 150분,PDB0000198,1.5GB,1.5GB,,,150분,150건,"월 5,940원",5940,,,유심,false,LTE,LTE USIM 요금제,https://direct.lghellovision.net/rate/rateViewUsim.do,2026-05-07T13:22:12.597Z
헬로모바일,CU USIM 2GB 100분,PDB0000273,2GB,2GB,,,100분,100건,"월 6,050원",6050,,,유심,false,LTE,LTE USIM 요금제,https://direct.lghellovision.net/rate/rateViewUsim.do,2026-05-07T13:22:12.597Z
헬로모바일,헬로 패드 USIM 1GB,PDB0000148,1GB,1GB,,,기본제공,기본제공,"월 9,900원",9900,,,유심,false,LTE,LTE USIM 패드 요금제,https://direct.lghellovision.net/rate/rateViewUsim.do,2026-05-07T13:22:12.597Z
헬로모바일,CU USIM 10GB 300분,PDB0000196,10GB,10GB,,,300분,300건,"월 25,850원",25850,,,유심,false,LTE,LTE USIM 요금제,https://direct.lghellovision.net/rate/rateViewUsim.do,2026-05-07T13:22:12.597Z
헬로모바일,헬로 패드 USIM 3GB,PDB0000150,3GB,3GB,,,기본제공,기본제공,"월 16,500원",16500,,,유심,false,LTE,LTE USIM 패드 요금제,https://direct.lghellovision.net/rate/rateViewUsim.do,2026-05-07T13:22:12.597Z
헬로모바일,헬로 패드 USIM 6GB,PDB0000151,6GB,6GB,,,기본제공,기본제공,"월 22,000원",22000,,,유심,false,LTE,LTE USIM 패드 요금제,https://direct.lghellovision.net/rate/rateViewUsim.do,2026-05-07T13:22:12.597Z
헬로모바일,조건없는 USIM LTE 1GB,PDB0000115,1GB,1GB,,,50분,기본제공,"월 4,950원",4950,,,유심,false,LTE,LTE USIM 요금제,https://direct.lghellovision.net/rate/rateViewUsim.do,2026-05-07T13:22:12.597Z
헬로모바일,조건없는 USIM LTE 31,PDB0000027,6GB,6GB,,,350분,350건,"월 34,100원",34100,,,유심,false,LTE,LTE USIM 요금제,https://direct.lghellovision.net/rate/rateViewUsim.do,2026-05-07T13:22:12.597Z
헬로모바일,보편 USIM 6GB,PDB0000158,6GB,6GB,,,100분,100건,"월 26,400원",26400,,,유심,false,LTE,LTE USIM 요금제,https://direct.lghellovision.net/rate/rateViewUsim.do,2026-05-07T13:22:12.597Z
헬로모바일,조건없는 USIM LTE 500MB,PDB0000114,500GB,500GB,,,50분,기본제공,"월 3,740원",3740,,,유심,false,LTE,LTE USIM 요금제,https://direct.lghellovision.net/rate/rateViewUsim.do,2026-05-07T13:22:12.597Z
헬로모바일,헬로 USIM 2GB 200분,PDB0000241,2GB,2GB,,,200분,100건,"월 7,370원",7370,,,유심,false,LTE,LTE USIM 요금제,https://direct.lghellovision.net/rate/rateViewUsim.do,2026-05-07T13:22:12.597Z
헬로모바일,헬로 USIM 수다 1.5GB,PDB0000243,1.5GB,1.5GB,,,무제한,무제한,"월 9,130원",9130,,,유심,false,LTE,LTE USIM 요금제,https://direct.lghellovision.net/rate/rateViewUsim.do,2026-05-07T13:22:12.597Z
헬로모바일,슬림 안심 USIM 1GB 100분,PDB0000269,1GB,1GB,1GB+1Mbps,1Mbps,100분,50건,"월 9,900원",9900,,,유심,false,LTE,LTE USIM 요금제,https://direct.lghellovision.net/rate/rateViewUsim.do,2026-05-07T13:22:12.597Z
헬로모바일,The 착한 데이터 USIM 2GB&#40;new&#41;,PDB0000180,2GB,2GB,,,무제한,무제한,"월 10,120원",10120,,,유심,false,LTE,LTE USIM 요금제,https://direct.lghellovision.net/rate/rateViewUsim.do,2026-05-07T13:22:12.597Z
헬로모바일,CU USIM 3GB 250분,PDB0000216,3GB,3GB,,,250분,250건,"월 10,230원",10230,,,유심,false,LTE,LTE USIM 요금제,https://direct.lghellovision.net/rate/rateViewUsim.do,2026-05-07T13:22:12.597Z
헬로모바일,데이터플러스 10GB,PDB0000181,10GB,10GB,,,기본제공,기본제공,"월 10,780원",10780,,,유심,false,LTE,LTE USIM 패드 요금제,https://direct.lghellovision.net/rate/rateViewUsim.do,2026-05-07T13:22:12.597Z
헬로모바일,The 착한 데이터 USIM 300MB,PDB0000118,300GB,300GB,,,무제한,무제한,"월 11,550원",11550,,,유심,false,LTE,LTE USIM 요금제,https://direct.lghellovision.net/rate/rateViewUsim.do,2026-05-07T13:22:12.597Z
헬로모바일,헬로 USIM 5GB 200분,PDB0000242,5GB,5GB,,,200분,100건,"월 12,980원",12980,,,유심,false,LTE,LTE USIM 요금제,https://direct.lghellovision.net/rate/rateViewUsim.do,2026-05-07T13:22:12.597Z
헬로모바일,데이터플러스 20GB,PDB0000182,20GB,20GB,,,기본제공,기본제공,"월 14,080원",14080,,,유심,false,LTE,LTE USIM 패드 요금제,https://direct.lghellovision.net/rate/rateViewUsim.do,2026-05-07T13:22:12.597Z
헬로모바일,LTE USIM 복지 19,PDB0000109,1.5GB,1.5GB,,,200분,200건,"월 14,900원",14900,,,유심,false,LTE,LTE USIM 요금제,https://direct.lghellovision.net/rate/rateViewUsim.do,2026-05-07T13:22:12.597Z
헬로모바일,CU USIM 7GB 180분,PDB0000264,7GB,7GB,,,180분,100건,"월 16,800원",16800,,,유심,false,LTE,LTE USIM 요금제,https://direct.lghellovision.net/rate/rateViewUsim.do,2026-05-07T13:22:12.597Z
헬로모바일,The 착한 데이터 USIM 100MB,PDB0000127,100GB,100GB,,,무제한,무제한,"월 19,800원",19800,,,유심,false,LTE,LTE USIM 요금제,https://direct.lghellovision.net/rate/rateViewUsim.do,2026-05-07T13:22:12.597Z
헬로모바일,조건없는 USIM LTE 수다 750MB,PDB0000116,750GB,750GB,,,130분,무제한,"월 19,800원",19800,,,유심,false,LTE,LTE USIM 요금제,https://direct.lghellovision.net/rate/rateViewUsim.do,2026-05-07T13:22:12.597Z
헬로모바일,조건없는 USIM LTE 21,PDB0000083,1.5GB,1.5GB,,,200분,200건,"월 23,100원",23100,,,유심,false,LTE,LTE USIM 요금제,https://direct.lghellovision.net/rate/rateViewUsim.do,2026-05-07T13:22:12.597Z
헬로모바일,데이터 걱정없는 USIM 2.5GB,PDB0000265,2.5GB,2.5GB,2.5GB+1Mbps,1Mbps,무제한,무제한,"월 25,100원",25100,,,유심,false,LTE,LTE USIM 요금제,https://direct.lghellovision.net/rate/rateViewUsim.do,2026-05-07T13:22:12.597Z
헬로모바일,보편 안심 USIM 15GB,PDB0000266,15GB,15GB,15GB+3Mbps,3Mbps,100분,100건,"월 25,300원",25300,,,유심,false,LTE,LTE USIM 요금제,https://direct.lghellovision.net/rate/rateViewUsim.do,2026-05-07T13:22:12.597Z
헬로모바일,착한 페이백 데이터 USIM 1GB,PDB0000131,1GB,1GB,,,무제한,무제한,"월 26,900원",26900,,,유심,false,LTE,LTE USIM 요금제,https://direct.lghellovision.net/rate/rateViewUsim.do,2026-05-07T13:22:12.597Z
헬로모바일,조건없는 USIM LTE 26,PDB0000110,2.5GB,2.5GB,,,250분,250건,"월 28,600원",28600,,,유심,false,LTE,LTE USIM 요금제,https://direct.lghellovision.net/rate/rateViewUsim.do,2026-05-07T13:22:12.597Z
헬로모바일,헬로 패드 USIM 10GB,PDB0000152,10GB,10GB,,,기본제공,기본제공,"월 31,900원",31900,,,유심,false,LTE,LTE USIM 패드 요금제,https://direct.lghellovision.net/rate/rateViewUsim.do,2026-05-07T13:22:12.597Z
헬로모바일,The 착한 데이터 USIM 11GB,PDB0000280,11GB+일2GB,11GB+일2GB,11GB+일2GB+3Mbps,3Mbps,무제한,무제한,"월 33,990원",33990,,,유심,false,LTE,LTE USIM 요금제,https://direct.lghellovision.net/rate/rateViewUsim.do,2026-05-07T13:22:12.597Z
헬로모바일,데이터 걱정없는 일5GB,PDLB000006,일5GB,일5GB,일5GB+4Mbps,4Mbps,무제한,무제한,"월 65,900원",65900,,,휴대폰,false,LTE,LTE 요금제,https://direct.lghellovision.net/rate/rateViewPhone.do,2026-05-07T13:22:13.390Z
헬로모바일,단말보험 1GB &#40;I폰 파손 50&#41;,PDLB000367,1GB,1GB,1GB+2Mbps,2Mbps,무제한,무제한,"월 27,400원",27400,,,휴대폰,false,LTE,LTE 요금제,https://direct.lghellovision.net/rate/rateViewPhone.do,2026-05-07T13:22:13.390Z
헬로모바일,5G 6GB 200분,PDLB000234,6GB,6GB,,,200분,100건,"월 27,000원",27000,,,휴대폰,false,5G,5G 요금제,https://direct.lghellovision.net/rate/rateViewPhone.do,2026-05-07T13:22:13.390Z
헬로모바일,5G 중간요금제 50GB,PDLB000263,50GB,50GB,50GB+2Mbps,2Mbps,무제한,무제한,"월 60,000원",60000,,,휴대폰,false,5G,5G 요금제,https://direct.lghellovision.net/rate/rateViewPhone.do,2026-05-07T13:22:13.390Z
헬로모바일,시니어 통화 데이터 넉넉히 4GB,PDLB000167,4GB,4GB,4GB+1Mbps,1Mbps,무제한,무제한,"월 34,100원",34100,,,휴대폰,false,LTE,LTE 요금제,https://direct.lghellovision.net/rate/rateViewPhone.do,2026-05-07T13:22:13.390Z
헬로모바일,The 착한 데이터 0GB,PDLB000327,,,,,무제한,무제한,"월 19,900원",19900,,,휴대폰,false,LTE,LTE 요금제,https://direct.lghellovision.net/rate/rateViewPhone.do,2026-05-07T13:22:13.390Z
헬로모바일,쿠폰팩 5GB,PDLB000374,5GB,5GB,5GB+2Mbps,2Mbps,무제한,무제한,"월 36,700원",36700,,,휴대폰,false,LTE,LTE 요금제,https://direct.lghellovision.net/rate/rateViewPhone.do,2026-05-07T13:22:13.390Z
헬로모바일,단말보험 10GB &#40;I폰 분실/파손 150&#41;,PDLB000358,10GB,10GB,10GB+2Mbps,2Mbps,무제한,무제한,"월 41,300원",41300,,,휴대폰,false,LTE,LTE 요금제,https://direct.lghellovision.net/rate/rateViewPhone.do,2026-05-07T13:22:13.390Z
헬로모바일,단말보험 4.5GB &#40;I폰 파손 50&#41;,PDLB000371,4.5GB,4.5GB,4.5GB+2Mbps,2Mbps,무제한,무제한,"월 34,400원",34400,,,휴대폰,false,LTE,LTE 요금제,https://direct.lghellovision.net/rate/rateViewPhone.do,2026-05-07T13:22:13.390Z
헬로모바일,슬림 250MB 50분,PDLB000014,250GB,250GB,,,50분,기본제공,"월 18,900원",18900,,,휴대폰,false,LTE,LTE 요금제,https://direct.lghellovision.net/rate/rateViewPhone.do,2026-05-07T13:22:13.390Z
헬로모바일,5G 중간요금제 95GB,PDLB000261,95GB,95GB,95GB+3Mbps,3Mbps,무제한,무제한,"월 63,000원",63000,,,휴대폰,false,5G,5G 요금제,https://direct.lghellovision.net/rate/rateViewPhone.do,2026-05-07T13:22:13.390Z
헬로모바일,5G 중간요금제 125GB,PDLB000260,125GB,125GB,125GB+4Mbps,4Mbps,무제한,무제한,"월 66,000원",66000,,,휴대폰,false,5G,5G 요금제,https://direct.lghellovision.net/rate/rateViewPhone.do,2026-05-07T13:22:13.390Z
헬로모바일,5G 15GB 200분,PDLB000236,15GB,15GB,,,200분,100건,"월 25,000원",25000,,,휴대폰,false,5G,5G 요금제,https://direct.lghellovision.net/rate/rateViewPhone.do,2026-05-07T13:22:13.390Z
헬로모바일,단말보험 11GB &#40;VIP형&#41;,PDLB000360,11GB+일2GB,11GB+일2GB,11GB+일2GB+3Mbps,3Mbps,무제한,무제한,"월 58,800원",58800,,,휴대폰,false,LTE,LTE 요금제,https://direct.lghellovision.net/rate/rateViewPhone.do,2026-05-07T13:22:13.390Z
헬로모바일,안심보험 5GB,PDLB000378,5GB,5GB,5GB+2Mbps,2Mbps,무제한,무제한,"월 33,800원",33800,,,휴대폰,false,LTE,LTE 요금제,https://direct.lghellovision.net/rate/rateViewPhone.do,2026-05-07T13:22:13.390Z
헬로모바일,쿠폰팩 데이터 더주는 15GB,PDLB000353,15GB,15GB,15GB+2Mbps,2Mbps,무제한,무제한,"월 43,200원",43200,,,휴대폰,false,LTE,LTE 요금제,https://direct.lghellovision.net/rate/rateViewPhone.do,2026-05-07T13:22:13.390Z
헬로모바일,데이터 걱정없는 15GB,PDLB000295,15GB,15GB,15GB+2Mbps,2Mbps,무제한,무제한,"월 39,900원",39900,,,휴대폰,false,LTE,LTE 요금제,https://direct.lghellovision.net/rate/rateViewPhone.do,2026-05-07T13:22:13.390Z
헬로모바일,데이터 더주는 11GB,PDLB000323,11GB+일2GB,11GB+일2GB,11GB+일2GB+3Mbps,3Mbps,무제한,무제한,"월 56,000원",56000,,,휴대폰,false,LTE,LTE 요금제,https://direct.lghellovision.net/rate/rateViewPhone.do,2026-05-07T13:22:13.390Z
헬로모바일,단말보험 10GB &#40;일반형&#41;,PDLB000357,10GB,10GB,10GB+2Mbps,2Mbps,무제한,무제한,"월 40,000원",40000,,,휴대폰,false,LTE,LTE 요금제,https://direct.lghellovision.net/rate/rateViewPhone.do,2026-05-07T13:22:13.390Z
헬로모바일,보편 안심 15GB 100분,PDLB000027,15GB,15GB,15GB+3Mbps,3Mbps,100분,100건,"월 47,300원",47300,,,휴대폰,false,LTE,LTE 요금제,https://direct.lghellovision.net/rate/rateViewPhone.do,2026-05-07T13:22:13.390Z
헬로모바일,LTE 표준,PDLB000298,,,,,기본제공,50건,"월 16,900원",16900,,,휴대폰,false,LTE,LTE 요금제,https://direct.lghellovision.net/rate/rateViewPhone.do,2026-05-07T13:22:13.390Z
헬로모바일,5G 통화 맘편히 3GB,PDLB000201,3GB,3GB,,,무제한,무제한,"월 17,000원",17000,,,휴대폰,false,5G,5G 요금제,https://direct.lghellovision.net/rate/rateViewPhone.do,2026-05-07T13:22:13.390Z
헬로모바일,슬림 250MB 100분,PDLB000015,250GB,250GB,,,100분,100건,"월 18,700원",18700,,,휴대폰,false,LTE,LTE 요금제,https://direct.lghellovision.net/rate/rateViewPhone.do,2026-05-07T13:22:13.390Z
헬로모바일,슬림 500MB 50분,PDLB000257,500GB,500GB,,,50분,50건,"월 19,200원",19200,,,휴대폰,false,LTE,LTE 요금제,https://direct.lghellovision.net/rate/rateViewPhone.do,2026-05-07T13:22:13.390Z
헬로모바일,5G 2GB 120분,PDLB000310,2GB,2GB,,,120분,100건,"월 19,900원",19900,,,휴대폰,false,5G,5G 요금제,https://direct.lghellovision.net/rate/rateViewPhone.do,2026-05-07T13:22:13.390Z
헬로모바일,슬림 1GB 180분,PDLB000019,1GB,1GB,,,180분,100건,"월 20,100원",20100,,,휴대폰,false,LTE,LTE 요금제,https://direct.lghellovision.net/rate/rateViewPhone.do,2026-05-07T13:22:13.390Z
헬로모바일,5G 2GB 200분,PDLB000311,2GB,2GB,,,200분,100건,"월 20,900원",20900,,,휴대폰,false,5G,5G 요금제,https://direct.lghellovision.net/rate/rateViewPhone.do,2026-05-07T13:22:13.390Z
헬로모바일,5G 3GB 150분,PDLB000312,3GB,3GB,,,150분,100건,"월 22,000원",22000,,,휴대폰,false,5G,5G 요금제,https://direct.lghellovision.net/rate/rateViewPhone.do,2026-05-07T13:22:13.390Z
헬로모바일,5G 10GB 200분,PDLB000235,10GB,10GB,,,200분,100건,"월 22,000원",22000,,,휴대폰,false,5G,5G 요금제,https://direct.lghellovision.net/rate/rateViewPhone.do,2026-05-07T13:22:13.390Z
헬로모바일,청소년 안심 1GB 100분,PDLB000309,1GB,1GB,1GB+2Mbps,2Mbps,100분,100건,"월 22,900원",22900,,,휴대폰,false,LTE,LTE 요금제,https://direct.lghellovision.net/rate/rateViewPhone.do,2026-05-07T13:22:13.390Z
헬로모바일,5G 통화 맘편히 6GB,PDLB000202,6GB,6GB,,,무제한,무제한,"월 23,000원",23000,,,휴대폰,false,5G,5G 요금제,https://direct.lghellovision.net/rate/rateViewPhone.do,2026-05-07T13:22:13.390Z
헬로모바일,청소년 안심 1GB,PDLB000308,1GB,1GB,1GB+2Mbps,2Mbps,무제한,무제한,"월 23,900원",23900,,,휴대폰,false,LTE,LTE 요금제,https://direct.lghellovision.net/rate/rateViewPhone.do,2026-05-07T13:22:13.390Z
헬로모바일,The 착한 데이터 1.3GB,PDLB000008,1.3GB,1.3GB,,,무제한,무제한,"월 24,000원",24000,,,휴대폰,false,LTE,LTE 요금제,https://direct.lghellovision.net/rate/rateViewPhone.do,2026-05-07T13:22:13.390Z
헬로모바일,보편 3.5GB 100분,PDLB000021,3.5GB,3.5GB,,,100분,100건,"월 24,000원",24000,,,휴대폰,false,LTE,LTE 요금제,https://direct.lghellovision.net/rate/rateViewPhone.do,2026-05-07T13:22:13.390Z
헬로모바일,청소년 24,PDLB000029,500GB,500GB,,,기본제공,1000건,"월 24,750원",24750,,,휴대폰,false,LTE,LTE 요금제,https://direct.lghellovision.net/rate/rateViewPhone.do,2026-05-07T13:22:13.390Z
헬로모바일,데이터 걱정없는 1GB,PDLB000296,1GB,1GB,1GB+2Mbps,2Mbps,무제한,무제한,"월 24,900원",24900,,,휴대폰,false,LTE,LTE 요금제,https://direct.lghellovision.net/rate/rateViewPhone.do,2026-05-07T13:22:13.390Z
헬로모바일,The 착한 데이터 2.5GB,PDLB000258,2.5GB,2.5GB,,,무제한,무제한,"월 25,000원",25000,,,휴대폰,false,LTE,LTE 요금제,https://direct.lghellovision.net/rate/rateViewPhone.do,2026-05-07T13:22:13.390Z
헬로모바일,슬림 1GB 100분,PDLB000018,1GB,1GB,,,100분,100건,"월 26,000원",26000,,,휴대폰,false,LTE,LTE 요금제,https://direct.lghellovision.net/rate/rateViewPhone.do,2026-05-07T13:22:13.390Z
헬로모바일,5G 통화 맘편히 9GB,PDLB000203,9GB,9GB,,,무제한,무제한,"월 26,000원",26000,,,휴대폰,false,5G,5G 요금제,https://direct.lghellovision.net/rate/rateViewPhone.do,2026-05-07T13:22:13.390Z
헬로모바일,안심보험 슬림 1GB 100분,PDLB000379,1GB,1GB,,,100분,100건,"월 26,900원",26900,,,휴대폰,false,LTE,LTE 요금제,https://direct.lghellovision.net/rate/rateViewPhone.do,2026-05-07T13:22:13.390Z
헬로모바일,The 착한 데이터 3.6GB,PDLB000010,3.6GB,3.6GB,,,무제한,무제한,"월 27,000원",27000,,,휴대폰,false,LTE,LTE 요금제,https://direct.lghellovision.net/rate/rateViewPhone.do,2026-05-07T13:22:13.390Z
헬로모바일,쿠폰팩 1GB,PDLB000348,1GB,1GB,1GB+2Mbps,2Mbps,무제한,무제한,"월 27,300원",27300,,,휴대폰,false,LTE,LTE 요금제,https://direct.lghellovision.net/rate/rateViewPhone.do,2026-05-07T13:22:13.390Z
헬로모바일,단말보험 1GB &#40;일반형&#41;,PDLB000365,1GB,1GB,1GB+2Mbps,2Mbps,무제한,무제한,"월 27,400원",27400,,,휴대폰,false,LTE,LTE 요금제,https://direct.lghellovision.net/rate/rateViewPhone.do,2026-05-07T13:22:13.390Z
헬로모바일,단말보험 1GB &#40;VIP형&#41;,PDLB000364,1GB,1GB,1GB+2Mbps,2Mbps,무제한,무제한,"월 28,700원",28700,,,휴대폰,false,LTE,LTE 요금제,https://direct.lghellovision.net/rate/rateViewPhone.do,2026-05-07T13:22:13.390Z
헬로모바일,단말보험 1GB &#40;I폰 분실/파손 150&#41;,PDLB000366,1GB,1GB,1GB+2Mbps,2Mbps,무제한,무제한,"월 28,700원",28700,,,휴대폰,false,LTE,LTE 요금제,https://direct.lghellovision.net/rate/rateViewPhone.do,2026-05-07T13:22:13.390Z
헬로모바일,청소년 안심 4.5GB,PDLB000307,4.5GB,4.5GB,4.5GB+2Mbps,2Mbps,무제한,무제한,"월 28,900원",28900,,,휴대폰,false,LTE,LTE 요금제,https://direct.lghellovision.net/rate/rateViewPhone.do,2026-05-07T13:22:13.390Z
헬로모바일,시니어 통화 데이터 넉넉히 2GB,PDLB000166,2GB,2GB,2GB+1Mbps,1Mbps,무제한,무제한,"월 29,700원",29700,,,휴대폰,false,LTE,LTE 요금제,https://direct.lghellovision.net/rate/rateViewPhone.do,2026-05-07T13:22:13.390Z
헬로모바일,시니어 안심보험 4GB,PDLB000381,4GB,4GB,4GB+2Mbps,2Mbps,무제한,무제한,"월 29,900원",29900,,,휴대폰,false,LTE,LTE 요금제,https://direct.lghellovision.net/rate/rateViewPhone.do,2026-05-07T13:22:13.390Z
헬로모바일,보편 안심 3GB 200분,PDLB000297,3GB,3GB,3GB+2Mbps,2Mbps,200분,100건,"월 30,900원",30900,,,휴대폰,false,LTE,LTE 요금제,https://direct.lghellovision.net/rate/rateViewPhone.do,2026-05-07T13:22:13.390Z
헬로모바일,데이터 걱정없는 4.5GB,PDLB000180,4.5GB,4.5GB,4.5GB+2Mbps,2Mbps,무제한,무제한,"월 31,900원",31900,,,휴대폰,false,LTE,LTE 요금제,https://direct.lghellovision.net/rate/rateViewPhone.do,2026-05-07T13:22:13.390Z
헬로모바일,청소년 안심 32,PDLB000028,750GB,750GB,750GB+1Mbps,1Mbps,무제한,무제한,"월 32,890원",32890,,,휴대폰,false,LTE,LTE 요금제,https://direct.lghellovision.net/rate/rateViewPhone.do,2026-05-07T13:22:13.390Z
헬로모바일,데이터 걱정없는 5GB,PDLB000325,5GB,5GB,5GB+2Mbps,2Mbps,무제한,무제한,"월 32,900원",32900,,,휴대폰,false,LTE,LTE 요금제,https://direct.lghellovision.net/rate/rateViewPhone.do,2026-05-07T13:22:13.390Z
헬로모바일,보편 안심 5GB 200분,PDLB000181,5GB,5GB,5GB+2Mbps,2Mbps,200분,100건,"월 33,000원",33000,,,휴대폰,false,LTE,LTE 요금제,https://direct.lghellovision.net/rate/rateViewPhone.do,2026-05-07T13:22:13.390Z
헬로모바일,쿠폰팩 4.5GB,PDLB000349,4.5GB,4.5GB,4.5GB+2Mbps,2Mbps,무제한,무제한,"월 34,300원",34300,,,휴대폰,false,LTE,LTE 요금제,https://direct.lghellovision.net/rate/rateViewPhone.do,2026-05-07T13:22:13.390Z
헬로모바일,단말보험 4.5GB &#40;일반형&#41;,PDLB000369,4.5GB,4.5GB,4.5GB+2Mbps,2Mbps,무제한,무제한,"월 34,400원",34400,,,휴대폰,false,LTE,LTE 요금제,https://direct.lghellovision.net/rate/rateViewPhone.do,2026-05-07T13:22:13.390Z
헬로모바일,단말보험 4.5GB &#40;I폰 분실/파손 150&#41;,PDLB000370,4.5GB,4.5GB,4.5GB+2Mbps,2Mbps,무제한,무제한,"월 35,700원",35700,,,휴대폰,false,LTE,LTE 요금제,https://direct.lghellovision.net/rate/rateViewPhone.do,2026-05-07T13:22:13.390Z
헬로모바일,단말보험 4.5GB &#40;VIP형&#41;,PDLB000368,4.5GB,4.5GB,4.5GB+2Mbps,2Mbps,무제한,무제한,"월 35,700원",35700,,,휴대폰,false,LTE,LTE 요금제,https://direct.lghellovision.net/rate/rateViewPhone.do,2026-05-07T13:22:13.390Z
헬로모바일,데이터 걱정없는 7GB,PDLB000183,7GB,7GB,7GB+2Mbps,2Mbps,무제한,무제한,"월 35,900원",35900,,,휴대폰,false,LTE,LTE 요금제,https://direct.lghellovision.net/rate/rateViewPhone.do,2026-05-07T13:22:13.390Z
헬로모바일,데이터 더주는 7GB,PDLB000320,7GB,7GB,7GB+2Mbps,2Mbps,무제한,무제한,"월 36,900원",36900,,,휴대폰,false,LTE,LTE 요금제,https://direct.lghellovision.net/rate/rateViewPhone.do,2026-05-07T13:22:13.390Z
헬로모바일,보편 안심 10GB 200분,PDLB000182,10GB,10GB,10GB+2Mbps,2Mbps,200분,100건,"월 36,900원",36900,,,휴대폰,false,LTE,LTE 요금제,https://direct.lghellovision.net/rate/rateViewPhone.do,2026-05-07T13:22:13.390Z
헬로모바일,데이터 걱정없는 10GB,PDLB000294,10GB,10GB,10GB+2Mbps,2Mbps,무제한,무제한,"월 37,500원",37500,,,휴대폰,false,LTE,LTE 요금제,https://direct.lghellovision.net/rate/rateViewPhone.do,2026-05-07T13:22:13.390Z
헬로모바일,데이터 더주는 10GB,PDLB000321,10GB,10GB,10GB+2Mbps,2Mbps,무제한,무제한,"월 37,900원",37900,,,휴대폰,false,LTE,LTE 요금제,https://direct.lghellovision.net/rate/rateViewPhone.do,2026-05-07T13:22:13.390Z
헬로모바일,쿠폰팩 7GB,PDLB000343,7GB,7GB,7GB+2Mbps,2Mbps,무제한,무제한,"월 38,300원",38300,,,휴대폰,false,LTE,LTE 요금제,https://direct.lghellovision.net/rate/rateViewPhone.do,2026-05-07T13:22:13.390Z
헬로모바일,쿠폰팩 10GB,PDLB000344,10GB,10GB,10GB+2Mbps,2Mbps,무제한,무제한,"월 39,300원",39300,,,휴대폰,false,LTE,LTE 요금제,https://direct.lghellovision.net/rate/rateViewPhone.do,2026-05-07T13:22:13.390Z
헬로모바일,쿠폰팩 데이터 더주는 7GB,PDLB000351,7GB,7GB,7GB+2Mbps,2Mbps,무제한,무제한,"월 39,300원",39300,,,휴대폰,false,LTE,LTE 요금제,https://direct.lghellovision.net/rate/rateViewPhone.do,2026-05-07T13:22:13.390Z
헬로모바일,보편 6GB 100분,PDLB000023,6GB,6GB,,,100분,100건,"월 40,000원",40000,,,휴대폰,false,LTE,LTE 요금제,https://direct.lghellovision.net/rate/rateViewPhone.do,2026-05-07T13:22:13.390Z
헬로모바일,단말보험 10GB &#40;I폰 파손 50&#41;,PDLB000359,10GB,10GB,10GB+2Mbps,2Mbps,무제한,무제한,"월 40,000원",40000,,,휴대폰,false,LTE,LTE 요금제,https://direct.lghellovision.net/rate/rateViewPhone.do,2026-05-07T13:22:13.390Z
헬로모바일,쿠폰팩 데이터 더주는 10GB,PDLB000352,10GB,10GB,10GB+2Mbps,2Mbps,무제한,무제한,"월 40,300원",40300,,,휴대폰,false,LTE,LTE 요금제,https://direct.lghellovision.net/rate/rateViewPhone.do,2026-05-07T13:22:13.390Z
헬로모바일,데이터 더주는 15GB,PDLB000322,15GB,15GB,15GB+2Mbps,2Mbps,무제한,무제한,"월 40,800원",40800,,,휴대폰,false,LTE,LTE 요금제,https://direct.lghellovision.net/rate/rateViewPhone.do,2026-05-07T13:22:13.390Z
헬로모바일,단말보험 10GB &#40;VIP형&#41;,PDLB000356,10GB,10GB,10GB+2Mbps,2Mbps,무제한,무제한,"월 41,300원",41300,,,휴대폰,false,LTE,LTE 요금제,https://direct.lghellovision.net/rate/rateViewPhone.do,2026-05-07T13:22:13.390Z
헬로모바일,쿠폰팩 15GB,PDLB000345,15GB,15GB,15GB+2Mbps,2Mbps,무제한,무제한,"월 42,300원",42300,,,휴대폰,false,LTE,LTE 요금제,https://direct.lghellovision.net/rate/rateViewPhone.do,2026-05-07T13:22:13.390Z
헬로모바일,데이터 걱정없는 2.5GB,PDLB000003,2.5GB,2.5GB,2.5GB+1Mbps,1Mbps,무제한,무제한,"월 44,000원",44000,,,휴대폰,false,LTE,LTE 요금제,https://direct.lghellovision.net/rate/rateViewPhone.do,2026-05-07T13:22:13.390Z
헬로모바일,보편 10GB 100분,PDLB000025,10GB,10GB,,,100분,100건,"월 45,000원",45000,,,휴대폰,false,LTE,LTE 요금제,https://direct.lghellovision.net/rate/rateViewPhone.do,2026-05-07T13:22:13.390Z
헬로모바일,The 착한 데이터 6.6GB,PDLB000011,6.6GB,6.6GB,,,무제한,무제한,"월 45,430원",45430,,,휴대폰,false,LTE,LTE 요금제,https://direct.lghellovision.net/rate/rateViewPhone.do,2026-05-07T13:22:13.390Z
헬로모바일,데이터 더주는 15GB 100분,PDLB000324,15GB,15GB,15GB+3Mbps,3Mbps,100분,100건,"월 48,300원",48300,,,휴대폰,false,LTE,LTE 요금제,https://direct.lghellovision.net/rate/rateViewPhone.do,2026-05-07T13:22:13.390Z
헬로모바일,데이터 걱정없는 3.5GB,PDLB000004,3.5GB,3.5GB,3.5GB+2Mbps,2Mbps,무제한,무제한,"월 49,000원",49000,,,휴대폰,false,LTE,LTE 요금제,https://direct.lghellovision.net/rate/rateViewPhone.do,2026-05-07T13:22:13.390Z
헬로모바일,쿠폰팩 15GB 100분,PDLB000347,15GB,15GB,15GB+3Mbps,3Mbps,100분,100건,"월 49,700원",49700,,,휴대폰,false,LTE,LTE 요금제,https://direct.lghellovision.net/rate/rateViewPhone.do,2026-05-07T13:22:13.390Z
헬로모바일,5G 라이트 12GB,PDLB000192,12GB,12GB,12GB+2Mbps,2Mbps,무제한,무제한,"월 50,000원",50000,,,휴대폰,false,5G,5G 요금제,https://direct.lghellovision.net/rate/rateViewPhone.do,2026-05-07T13:22:13.390Z
헬로모바일,쿠폰팩 데이터 더주는 15GB 100분,PDLB000355,15GB,15GB,15GB+3Mbps,3Mbps,100분,100건,"월 50,700원",50700,,,휴대폰,false,LTE,LTE 요금제,https://direct.lghellovision.net/rate/rateViewPhone.do,2026-05-07T13:22:13.390Z
헬로모바일,The 착한 데이터 9GB 3000분,PDLB000259,9GB,9GB,,,3000분,1000건,"월 53,000원",53000,,,휴대폰,false,LTE,LTE 요금제,https://direct.lghellovision.net/rate/rateViewPhone.do,2026-05-07T13:22:13.390Z
헬로모바일,The 착한 데이터 11GB,PDLB000012,11GB+일2GB,11GB+일2GB,11GB+일2GB+3Mbps,3Mbps,무제한,무제한,"월 55,000원",55000,,,휴대폰,false,LTE,LTE 요금제,https://direct.lghellovision.net/rate/rateViewPhone.do,2026-05-07T13:22:13.390Z
헬로모바일,쿠폰팩 11GB,PDLB000346,11GB+일2GB,11GB+일2GB,11GB+일2GB+3Mbps,3Mbps,무제한,무제한,"월 57,400원",57400,,,휴대폰,false,LTE,LTE 요금제,https://direct.lghellovision.net/rate/rateViewPhone.do,2026-05-07T13:22:13.390Z
헬로모바일,단말보험 11GB &#40;일반형&#41;,PDLB000361,11GB+일2GB,11GB+일2GB,11GB+일2GB+3Mbps,3Mbps,무제한,무제한,"월 57,500원",57500,,,휴대폰,false,LTE,LTE 요금제,https://direct.lghellovision.net/rate/rateViewPhone.do,2026-05-07T13:22:13.390Z
헬로모바일,단말보험 11GB &#40;I폰 파손 50&#41;,PDLB000363,11GB+일2GB,11GB+일2GB,11GB+일2GB+3Mbps,3Mbps,무제한,무제한,"월 57,500원",57500,,,휴대폰,false,LTE,LTE 요금제,https://direct.lghellovision.net/rate/rateViewPhone.do,2026-05-07T13:22:13.390Z
헬로모바일,5G 중간요금제 31GB,PDLB000256,31GB,31GB,31GB+2Mbps,2Mbps,무제한,무제한,"월 58,300원",58300,,,휴대폰,false,5G,5G 요금제,https://direct.lghellovision.net/rate/rateViewPhone.do,2026-05-07T13:22:13.390Z
헬로모바일,쿠폰팩 데이터 더주는 11GB,PDLB000354,11GB+일2GB,11GB+일2GB,11GB+일2GB+3Mbps,3Mbps,무제한,무제한,"월 58,400원",58400,,,휴대폰,false,LTE,LTE 요금제,https://direct.lghellovision.net/rate/rateViewPhone.do,2026-05-07T13:22:13.390Z
헬로모바일,단말보험 11GB &#40;I폰 분실/파손 150&#41;,PDLB000362,11GB+일2GB,11GB+일2GB,11GB+일2GB+3Mbps,3Mbps,무제한,무제한,"월 58,800원",58800,,,휴대폰,false,LTE,LTE 요금제,https://direct.lghellovision.net/rate/rateViewPhone.do,2026-05-07T13:22:13.390Z
헬로모바일,데이터 걱정없는 6.6GB,PDLB000005,6.6GB,6.6GB,6.6GB+2Mbps,2Mbps,무제한,무제한,"월 59,000원",59000,,,휴대폰,false,LTE,LTE 요금제,https://direct.lghellovision.net/rate/rateViewPhone.do,2026-05-07T13:22:13.390Z
헬로모바일,5G 중간요금제 80GB,PDLB000262,80GB,80GB,80GB+2Mbps,2Mbps,무제한,무제한,"월 62,000원",62000,,,휴대폰,false,5G,5G 요금제,https://direct.lghellovision.net/rate/rateViewPhone.do,2026-05-07T13:22:13.390Z
헬로모바일,DATA 걱정없는 100GB,PDLB000373,100GB,100GB,100GB+4Mbps,4Mbps,무제한,무제한,"월 65,900원",65900,,,휴대폰,false,LTE,LTE 요금제,https://direct.lghellovision.net/rate/rateViewPhone.do,2026-05-07T13:22:13.390Z
헬로모바일,데이터 더주는 일5GB,PDLB000319,일5GB,일5GB,일5GB+4Mbps,4Mbps,무제한,무제한,"월 66,900원",66900,,,휴대폰,false,LTE,LTE 요금제,https://direct.lghellovision.net/rate/rateViewPhone.do,2026-05-07T13:22:13.390Z
헬로모바일,쿠폰팩 일5GB,PDLB000342,일5GB,일5GB,일5GB+4Mbps,4Mbps,무제한,무제한,"월 68,300원",68300,,,휴대폰,false,LTE,LTE 요금제,https://direct.lghellovision.net/rate/rateViewPhone.do,2026-05-07T13:22:13.390Z
헬로모바일,쿠폰팩 데이터 더주는 일5GB,PDLB000350,일5GB,일5GB,일5GB+4Mbps,4Mbps,무제한,무제한,"월 69,000원",69000,,,휴대폰,false,LTE,LTE 요금제,https://direct.lghellovision.net/rate/rateViewPhone.do,2026-05-07T13:22:13.390Z
헬로모바일,5G 스탠다드 150GB,PDLB000193,150GB,150GB,150GB+4Mbps,4Mbps,무제한,무제한,"월 69,000원",69000,,,휴대폰,false,5G,5G 요금제,https://direct.lghellovision.net/rate/rateViewPhone.do,2026-05-07T13:22:13.390Z
헬로모바일,5G 스페셜 180GB,PDLB000001,180GB,180GB,180GB+5Mbps,5Mbps,무제한,무제한,"월 74,000원",74000,,,휴대폰,false,5G,5G 요금제,https://direct.lghellovision.net/rate/rateViewPhone.do,2026-05-07T13:22:13.390Z
헬로모바일,The 착한 데이터 1GB,PDB0000120,,,,,기본제공,기본제공,,,,,휴대폰,false,LTE,LTE 요금제,https://direct.lghellovision.net/rate/rateViewPhone.do,2026-05-07T13:22:13.798Z
헬로모바일,슬림 1GB,PDB0000154,,,,,기본제공,기본제공,,,,,휴대폰,false,LTE,LTE 요금제,https://direct.lghellovision.net/rate/rateViewPhone.do,2026-05-07T13:22:13.798Z
헬로모바일,헬로LTE 29,PDB0000052,,,,,기본제공,기본제공,,,,,휴대폰,false,LTE,LTE 요금제,https://direct.lghellovision.net/rate/rateViewPhone.do,2026-05-07T13:22:13.798Z
헬로모바일,데이터 걱정없는 3GB,PDB0000263,,,,,기본제공,기본제공,,,,,휴대폰,false,LTE,LTE 요금제,https://direct.lghellovision.net/rate/rateViewPhone.do,2026-05-07T13:22:13.798Z
헬로모바일,The 착한 데이터 300MB,PDB0000119,,,,,기본제공,기본제공,,,,,휴대폰,false,LTE,LTE 요금제,https://direct.lghellovision.net/rate/rateViewPhone.do,2026-05-07T13:22:13.798Z
헬로모바일,청소년윙 34,PDB0000122,,,,,기본제공,기본제공,,,,,휴대폰,false,LTE,LTE 요금제,https://direct.lghellovision.net/rate/rateViewPhone.do,2026-05-07T13:22:13.798Z
헬로모바일,청소년윙 19,PDB0000113,,,,,기본제공,기본제공,,,,,휴대폰,false,LTE,LTE 요금제,https://direct.lghellovision.net/rate/rateViewPhone.do,2026-05-07T13:22:13.798Z
헬로모바일,슬림 안심 15GB,PDB0000268,,,,,기본제공,기본제공,,,,,휴대폰,false,LTE,LTE 요금제,https://direct.lghellovision.net/rate/rateViewPhone.do,2026-05-07T13:22:13.798Z
헬로모바일,헬로LTE 62(안심차단),PD00000050,,,,,기본제공,기본제공,,,,,휴대폰,false,LTE,LTE 요금제,https://direct.lghellovision.net/rate/rateViewPhone.do,2026-05-07T13:22:13.798Z
헬로모바일,헬로LTE 62,PD00000038,,,,,기본제공,기본제공,,,,,휴대폰,false,LTE,LTE 요금제,https://direct.lghellovision.net/rate/rateViewPhone.do,2026-05-07T13:22:13.798Z
헬로모바일,헬로LTE 42,PDB0000111,,,,,기본제공,기본제공,,,,,휴대폰,false,LTE,LTE 요금제,https://direct.lghellovision.net/rate/rateViewPhone.do,2026-05-07T13:22:13.798Z
헬로모바일,헬로LTE 17,PDB0000075,,,,,기본제공,기본제공,,,,,휴대폰,false,LTE,LTE 요금제,https://direct.lghellovision.net/rate/rateViewPhone.do,2026-05-07T13:22:13.798Z
헬로모바일,The 착한 데이터 10GB,PDB0000094,,,,,기본제공,기본제공,,,,,휴대폰,false,LTE,LTE 요금제,https://direct.lghellovision.net/rate/rateViewPhone.do,2026-05-07T13:22:13.798Z
헬로모바일,The 베이직한 2GB,PDB0000208,,,,,기본제공,기본제공,,,,,휴대폰,false,LTE,LTE 요금제,https://direct.lghellovision.net/rate/rateViewPhone.do,2026-05-07T13:22:13.798Z
헬로모바일,The 착한 데이터 6GB,PDB0000093,,,,,기본제공,기본제공,,,,,휴대폰,false,LTE,LTE 요금제,https://direct.lghellovision.net/rate/rateViewPhone.do,2026-05-07T13:22:13.798Z
헬로모바일,슬림 6GB,PDB0000156,,,,,기본제공,기본제공,,,,,휴대폰,false,LTE,LTE 요금제,https://direct.lghellovision.net/rate/rateViewPhone.do,2026-05-07T13:22:13.798Z
헬로모바일,청소년윙 42,PDB0000123,,,,,기본제공,기본제공,,,,,휴대폰,false,LTE,LTE 요금제,https://direct.lghellovision.net/rate/rateViewPhone.do,2026-05-07T13:22:13.798Z
헬로모바일,LTE 복지 26,PDB0000061,,,,,기본제공,기본제공,,,,,휴대폰,false,LTE,LTE 요금제,https://direct.lghellovision.net/rate/rateViewPhone.do,2026-05-07T13:22:13.798Z
헬로모바일,데이터 걱정없는 2.5GB,PDB0000267,,,,,기본제공,기본제공,,,,,휴대폰,false,LTE,LTE 요금제,https://direct.lghellovision.net/rate/rateViewPhone.do,2026-05-07T13:22:13.798Z
헬로모바일,헬로LTE 52,PDB0000112,,,,,기본제공,기본제공,,,,,휴대폰,false,LTE,LTE 요금제,https://direct.lghellovision.net/rate/rateViewPhone.do,2026-05-07T13:22:13.798Z
헬로모바일,슬림 250MB,PDB0000153,,,,,기본제공,기본제공,,,,,휴대폰,false,LTE,LTE 요금제,https://direct.lghellovision.net/rate/rateViewPhone.do,2026-05-07T13:22:13.798Z
헬로모바일,헬로LTE 표준,PDB0000160,,,,,기본제공,기본제공,,,,,휴대폰,false,LTE,LTE 요금제,https://direct.lghellovision.net/rate/rateViewPhone.do,2026-05-07T13:22:13.798Z
헬로모바일,The 착한 데이터 30GB,PDB0000096,,,,,기본제공,기본제공,,,,,휴대폰,false,LTE,LTE 요금제,https://direct.lghellovision.net/rate/rateViewPhone.do,2026-05-07T13:22:13.798Z
헬로모바일,슬림 10GB,PDB0000157,,,,,기본제공,기본제공,,,,,휴대폰,false,LTE,LTE 요금제,https://direct.lghellovision.net/rate/rateViewPhone.do,2026-05-07T13:22:13.798Z
헬로모바일,슬림 2GB,PDB0000155,,,,,기본제공,기본제공,,,,,휴대폰,false,LTE,LTE 요금제,https://direct.lghellovision.net/rate/rateViewPhone.do,2026-05-07T13:22:13.798Z
헬로모바일,The 베이직한 1GB,PDB0000207,,,,,기본제공,기본제공,,,,,휴대폰,false,LTE,LTE 요금제,https://direct.lghellovision.net/rate/rateViewPhone.do,2026-05-07T13:22:13.798Z
헬로모바일,헬로LTE 34(안심차단),PD00000047,,,,,기본제공,기본제공,,,,,휴대폰,false,LTE,LTE 요금제,https://direct.lghellovision.net/rate/rateViewPhone.do,2026-05-07T13:22:13.798Z
헬로모바일,데이터 걱정없는 100GB,PDB0000262,,,,,기본제공,기본제공,,,,,휴대폰,false,LTE,LTE 요금제,https://direct.lghellovision.net/rate/rateViewPhone.do,2026-05-07T13:22:13.798Z
헬로모바일,청소년윙 24,PDB0000121,,,,,기본제공,기본제공,,,,,휴대폰,false,LTE,LTE 요금제,https://direct.lghellovision.net/rate/rateViewPhone.do,2026-05-07T13:22:13.798Z
헬로모바일,The 베이직한 3GB,PDB0000209,,,,,기본제공,기본제공,,,,,휴대폰,false,LTE,LTE 요금제,https://direct.lghellovision.net/rate/rateViewPhone.do,2026-05-07T13:22:13.798Z
헬로모바일,헬로LTE 52(안심차단),PD00000049,,,,,기본제공,기본제공,,,,,휴대폰,false,LTE,LTE 요금제,https://direct.lghellovision.net/rate/rateViewPhone.do,2026-05-07T13:22:13.798Z
헬로모바일,헬로LTE 42(안심차단),PD00000048,,,,,기본제공,기본제공,,,,,휴대폰,false,LTE,LTE 요금제,https://direct.lghellovision.net/rate/rateViewPhone.do,2026-05-07T13:22:13.798Z
헬로모바일,The 착한 데이터 15GB,PDB0000095,,,,,기본제공,기본제공,,,,,휴대폰,false,LTE,LTE 요금제,https://direct.lghellovision.net/rate/rateViewPhone.do,2026-05-07T13:22:13.798Z
헬로모바일,The 착한 데이터 2GB(new),PDB0000178,,,,,기본제공,기본제공,,,,,휴대폰,false,LTE,LTE 요금제,https://direct.lghellovision.net/rate/rateViewPhone.do,2026-05-07T13:22:13.798Z
헬로모바일,헬로LTE 34,PDB0000084,,,,,기본제공,기본제공,,,,,휴대폰,false,LTE,LTE 요금제,https://direct.lghellovision.net/rate/rateViewPhone.do,2026-05-07T13:22:13.798Z
유모바일,LTE (7GB+/통화기본),,7GB+1Mbps,7GB,7GB+1Mbps,1Mbps,기본제공,"통화 기본제공, 기본제공","월 39,800원",39800,"혜택가 월 15,900원",15900,유심,false,LTE,전체,https://www.uplusumobile.com/product/pric/usim/pricList,2026-05-07T13:22:43.564Z
유모바일,데이터플러스 (7GB+/통화기본),,(7+10)GB+1Mbps,(7+10)GB,(7+10)GB+1Mbps,1Mbps,기본제공,"통화 기본제공, 기본제공","월 41,400원",41400,"혜택가 월 17,500원",17500,유심,false,LTE,전체,https://www.uplusumobile.com/product/pric/usim/pricList,2026-05-07T13:22:43.564Z
유모바일,LTE 스페셜,,11GB+일2GB+3Mbps,11GB+일2GB,11GB+일2GB+3Mbps,3Mbps,기본제공,"통화 기본제공, 기본제공","월 49,390원",49390,"혜택가 월 32,990원",32990,유심,false,LTE,전체,https://www.uplusumobile.com/product/pric/usim/pricList,2026-05-07T13:22:43.564Z
유모바일,다성비 (1.5GB/통화기본) [매월 다이소 5천원],,1.5GB,1.5GB,,,기본제공,"통화 기본제공, 기본제공","월 26,000원",26000,"혜택가 월 8,900원",8900,유심,true,LTE,전체,https://www.uplusumobile.com/product/pric/usim/pricList,2026-05-07T13:22:43.564Z
유모바일,LTE 스페셜 플러스,,100GB+5Mbps,100GB,100GB+5Mbps,5Mbps,기본제공,"통화 기본제공, 기본제공","월 46,600원",46600,"혜택가 월 38,200원",38200,유심,false,LTE,전체,https://www.uplusumobile.com/product/pric/usim/pricList,2026-05-07T13:22:43.564Z
유모바일,5G (15GB+/300분),,(15+10)GB+1Mbps,(15+10)GB,(15+10)GB+1Mbps,1Mbps,300분,"통화 300분, 300건","월 44,000원",44000,"혜택가 월 16,900원",16900,유심,false,5G,전체,https://www.uplusumobile.com/product/pric/usim/pricList,2026-05-07T13:22:43.564Z
유모바일,다이소 (1.5GB/150분),,1.5GB,1.5GB,,,150분,"통화 150분, 100건","월 14,900원",14900,"혜택가 월 5,000원",5000,유심,true,LTE,전체,https://www.uplusumobile.com/product/pric/usim/pricList,2026-05-07T13:22:43.565Z
유모바일,플러스알파 (7GB+/통화기본),,7GB+1Mbps,7GB,7GB+1Mbps,1Mbps,기본제공,"통화 기본제공, 기본제공","월 41,400원",41400,"혜택가 월 17,500원",17500,유심,true,LTE,전체,https://www.uplusumobile.com/product/pric/usim/pricList,2026-05-07T13:22:43.565Z
유모바일,LTE (1GB+/통화기본),,1GB+1Mbps,1GB,1GB+1Mbps,1Mbps,기본제공,"통화 기본제공, 기본제공","월 25,300원",25300,"혜택가 월 9,900원",9900,유심,false,LTE,전체,https://www.uplusumobile.com/product/pric/usim/pricList,2026-05-07T13:22:43.565Z
유모바일,LTE (500MB/60분),,500MB,500MB,,,60분,"통화 60분, 50건","월 7,400원",7400,"혜택가 월 3,300원",3300,유심,false,LTE,전체,https://www.uplusumobile.com/product/pric/usim/pricList,2026-05-07T13:22:43.565Z
유모바일,이츠 (7GB+/통화기본),,7GB+1Mbps,7GB,7GB+1Mbps,1Mbps,기본제공,"통화 기본제공, 기본제공","월 30,300원",30300,"혜택가 월 18,400원",18400,유심,true,LTE,전체,https://www.uplusumobile.com/product/pric/usim/pricList,2026-05-07T13:22:43.565Z
유모바일,LTE (15GB+/통화기본),,15GB+1Mbps,15GB,15GB+1Mbps,1Mbps,기본제공,"통화 기본제공, 기본제공","월 48,400원",48400,"혜택가 월 20,900원",20900,유심,false,LTE,전체,https://www.uplusumobile.com/product/pric/usim/pricList,2026-05-07T13:22:43.565Z
유모바일,LTE (1.5GB/통화기본),,1.5GB,1.5GB,,,기본제공,"통화 기본제공, 기본제공","월 23,000원",23000,"혜택가 월 5,900원",5900,유심,false,LTE,전체,https://www.uplusumobile.com/product/pric/usim/pricList,2026-05-07T13:22:43.565Z
유모바일,LTE (1GB/60분),,1GB,1GB,,,60분,"통화 60분, 100건","월 10,500원",10500,"혜택가 월 3,900원",3900,유심,false,LTE,전체,https://www.uplusumobile.com/product/pric/usim/pricList,2026-05-07T13:22:43.565Z
유모바일,데이터차단 (0GB/통화기본),,,,,,기본제공,"통화 기본제공, 기본제공","월 13,000원",13000,"혜택가 월 4,900원",4900,유심,false,LTE,전체,https://www.uplusumobile.com/product/pric/usim/pricList,2026-05-07T13:22:43.565Z
유모바일,다성비 (17GB+/통화기본) [매월 다이소 5천원],,(7+10)GB+1Mbps,(7+10)GB,(7+10)GB+1Mbps,1Mbps,기본제공,"통화 기본제공, 기본제공","월 43,300원",43300,"혜택가 월 19,400원",19400,유심,true,LTE,전체,https://www.uplusumobile.com/product/pric/usim/pricList,2026-05-07T13:22:43.565Z
유모바일,티머니 K-패스(17GB+/통화기본),,(7+10)GB+1Mbps,(7+10)GB,(7+10)GB+1Mbps,1Mbps,기본제공,"통화 기본제공, 기본제공","월 28,400원",28400,"혜택가 월 18,500원",18500,유심,true,LTE,전체,https://www.uplusumobile.com/product/pric/usim/pricList,2026-05-07T13:22:43.565Z
유모바일,LTE (4.5GB+/통화기본),,4.5GB+1Mbps,4.5GB,4.5GB+1Mbps,1Mbps,기본제공,"통화 기본제공, 기본제공","월 36,600원",36600,"혜택가 월 13,900원",13900,유심,false,LTE,전체,https://www.uplusumobile.com/product/pric/usim/pricList,2026-05-07T13:22:43.565Z
유모바일,LTE (10GB+/통화기본),,10GB+1Mbps,10GB,10GB+1Mbps,1Mbps,기본제공,"통화 기본제공, 기본제공","월 41,950원",41950,"혜택가 월 18,900원",18900,유심,false,LTE,전체,https://www.uplusumobile.com/product/pric/usim/pricList,2026-05-07T13:22:43.565Z
유모바일,LTE (10GB/100분),,(10+10)GB,(10+10)GB,,,100분,"통화 100분, 100건","월 32,400원",32400,"혜택가 월 9,900원",9900,유심,false,LTE,전체,https://www.uplusumobile.com/product/pric/usim/pricList,2026-05-07T13:22:43.565Z
유모바일,LTE (4GB/통화기본),,4GB,4GB,,,기본제공,"통화 기본제공, 기본제공","월 33,500원",33500,"혜택가 월 7,500원",7500,유심,false,LTE,전체,https://www.uplusumobile.com/product/pric/usim/pricList,2026-05-07T13:22:43.565Z
유모바일,LTE (6GB/통화기본),,6GB,6GB,,,기본제공,"통화 기본제공, 기본제공","월 35,000원",35000,"혜택가 월 9,500원",9500,유심,false,LTE,전체,https://www.uplusumobile.com/product/pric/usim/pricList,2026-05-07T13:22:43.565Z
유모바일,5G (10GB/200분),,(10+10)GB,(10+10)GB,,,200분,"통화 200분, 100건","월 30,800원",30800,"혜택가 월 9,900원",9900,유심,false,5G,전체,https://www.uplusumobile.com/product/pric/usim/pricList,2026-05-07T13:22:43.565Z
유모바일,데이터플러스 (15GB+/통화기본),,(15+10)GB+1Mbps,(15+10)GB,(15+10)GB+1Mbps,1Mbps,기본제공,"통화 기본제공, 기본제공","월 50,000원",50000,"혜택가 월 21,900원",21900,유심,false,LTE,전체,https://www.uplusumobile.com/product/pric/usim/pricList,2026-05-07T13:22:43.565Z
유모바일,LTE (1GB+/100분),,1GB+1Mbps,1GB,1GB+1Mbps,1Mbps,100분,"통화 100분, 100건","월 17,800원",17800,"혜택가 월 7,900원",7900,유심,false,LTE,전체,https://www.uplusumobile.com/product/pric/usim/pricList,2026-05-07T13:22:43.565Z
유모바일,티머니 K-패스(1GB+/통화기본),,1GB+1Mbps,1GB,1GB+1Mbps,1Mbps,기본제공,"통화 기본제공, 기본제공","월 20,800원",20800,"혜택가 월 10,900원",10900,유심,true,LTE,전체,https://www.uplusumobile.com/product/pric/usim/pricList,2026-05-07T13:22:43.565Z
유모바일,LTE (1.5GB/150분),,1.5GB,1.5GB,,,150분,"통화 150분, 100건","월 12,100원",12100,"혜택가 월 4,900원",4900,유심,false,LTE,전체,https://www.uplusumobile.com/product/pric/usim/pricList,2026-05-07T13:22:43.565Z
유모바일,5G 스페셜 프로,,180GB+10Mbps,180GB,180GB+10Mbps,10Mbps,기본제공,"통화 기본제공, 기본제공","월 61,900원",61900,"혜택가 월 50,500원",50500,유심,false,5G,전체,https://www.uplusumobile.com/product/pric/usim/pricList,2026-05-07T13:22:43.565Z
유모바일,데이터만 20GB,,20GB,20GB,,,미제공,"통화 미제공, 미제공","월 14,300원",14300,"혜택가 월 11,880원",11880,유심,false,LTE,전체,https://www.uplusumobile.com/product/pric/usim/pricList,2026-05-07T13:22:43.565Z
유모바일,이츠 (25GB+/통화기본),,(15+10)GB+1Mbps,(15+10)GB,(15+10)GB+1Mbps,1Mbps,기본제공,"통화 기본제공, 기본제공","월 36,700원",36700,"혜택가 월 24,000원",24000,유심,true,LTE,전체,https://www.uplusumobile.com/product/pric/usim/pricList,2026-05-07T13:22:43.565Z
유모바일,5G (10GB/통화기본),,(10+10)GB,(10+10)GB,,,기본제공,"통화 기본제공, 기본제공","월 35,200원",35200,"혜택가 월 12,500원",12500,유심,false,5G,전체,https://www.uplusumobile.com/product/pric/usim/pricList,2026-05-07T13:22:43.565Z
유모바일,LTE (15GB+/100분),,15GB+3Mbps,15GB,15GB+3Mbps,3Mbps,100분,"통화 100분, 100건","월 47,300원",47300,"혜택가 월 25,250원",25250,유심,false,LTE,전체,https://www.uplusumobile.com/product/pric/usim/pricList,2026-05-07T13:22:43.565Z
유모바일,다성비 (1GB+/통화기본) [매월 다이소 5천원],,1GB+1Mbps,1GB,1GB+1Mbps,1Mbps,기본제공,"통화 기본제공, 기본제공","월 26,300원",26300,"혜택가 월 10,900원",10900,유심,true,LTE,전체,https://www.uplusumobile.com/product/pric/usim/pricList,2026-05-07T13:22:43.565Z
유모바일,5G (15GB/200분),,(15+10)GB,(15+10)GB,,,200분,"통화 200분, 100건","월 37,000원",37000,"혜택가 월 13,900원",13900,유심,false,5G,전체,https://www.uplusumobile.com/product/pric/usim/pricList,2026-05-07T13:22:43.565Z
유모바일,시니어 (4GB+/통화기본),,4GB+0.4Mbps,4GB,4GB+0.4Mbps,400Kbps,기본제공,"통화 기본제공, 기본제공","월 22,100원",22100,"혜택가 월 8,900원",8900,유심,false,LTE,전체,https://www.uplusumobile.com/product/pric/usim/pricList,2026-05-07T13:22:43.565Z
유모바일,5G (50GB+/통화기본),,50GB+1Mbps,50GB,50GB+1Mbps,1Mbps,기본제공,"통화 기본제공, 기본제공","월 50,000원",50000,"혜택가 월 37,850원",37850,유심,false,5G,전체,https://www.uplusumobile.com/product/pric/usim/pricList,2026-05-07T13:22:43.565Z
유모바일,5G (95GB+/통화기본),,95GB+3Mbps,95GB,95GB+3Mbps,3Mbps,기본제공,"통화 기본제공, 기본제공","월 53,000원",53000,"혜택가 월 40,900원",40900,유심,false,5G,전체,https://www.uplusumobile.com/product/pric/usim/pricList,2026-05-07T13:22:43.565Z
유모바일,LTE (1GB+/통화기본) [더알뜰플랜],,1GB+1Mbps,1GB,1GB+1Mbps,1Mbps,기본제공,"통화 기본제공, 기본제공","월 10,600원",10600,"혜택가 월 8,400원",8400,유심,false,LTE,전체,https://www.uplusumobile.com/product/pric/usim/pricList,2026-05-07T13:22:43.565Z
유모바일,데이터플러스 (10GB+/통화기본),,(10+10)GB+1Mbps,(10+10)GB,(10+10)GB+1Mbps,1Mbps,기본제공,"통화 기본제공, 기본제공","월 43,550원",43550,"혜택가 월 19,900원",19900,유심,false,LTE,전체,https://www.uplusumobile.com/product/pric/usim/pricList,2026-05-07T13:22:43.565Z
유모바일,5G (3GB/통화기본),,3GB,3GB,,,기본제공,"통화 기본제공, 기본제공","월 24,400원",24400,"혜택가 월 6,900원",6900,유심,false,5G,전체,https://www.uplusumobile.com/product/pric/usim/pricList,2026-05-07T13:22:43.565Z
유모바일,5G (5GB/200분),,5GB,5GB,,,200분,"통화 200분, 100건","월 24,200원",24200,"혜택가 월 7,900원",7900,유심,false,5G,전체,https://www.uplusumobile.com/product/pric/usim/pricList,2026-05-07T13:22:43.565Z
유모바일,LTE (2.5GB/통화기본),,2.5GB,2.5GB,,,기본제공,"통화 기본제공, 기본제공","월 29,000원",29000,"혜택가 월 6,900원",6900,유심,false,LTE,전체,https://www.uplusumobile.com/product/pric/usim/pricList,2026-05-07T13:22:43.565Z
유모바일,10%적립 스페셜,,11GB+일2GB+3Mbps,11GB+일2GB,11GB+일2GB+3Mbps,3Mbps,기본제공,"통화 기본제공, 기본제공","월 34,900원",34900,,,유심,true,LTE,전체,https://www.uplusumobile.com/product/pric/usim/pricList,2026-05-07T13:22:43.565Z
유모바일,5G (2GB/통화기본),,2GB,2GB,,,기본제공,"통화 기본제공, 기본제공","월 23,800원",23800,"혜택가 월 6,000원",6000,유심,false,5G,전체,https://www.uplusumobile.com/product/pric/usim/pricList,2026-05-07T13:22:43.565Z
유모바일,5G (31GB+/통화기본),,31GB+1Mbps,31GB,31GB+1Mbps,1Mbps,기본제공,"통화 기본제공, 기본제공","월 48,300원",48300,"혜택가 월 36,650원",36650,유심,false,5G,전체,https://www.uplusumobile.com/product/pric/usim/pricList,2026-05-07T13:22:43.565Z
유모바일,GS25 (25GB+/100분),,(15+10)GB+3Mbps,(15+10)GB,(15+10)GB+3Mbps,3Mbps,100분,"통화 100분, 100건","월 52,800원",52800,"혜택가 월 28,900원",28900,유심,true,LTE,전체,https://www.uplusumobile.com/product/pric/usim/pricList,2026-05-07T13:22:43.565Z
유모바일,LTE 스페셜 플러스 [더알뜰플랜2],,100GB+5Mbps,100GB,100GB+5Mbps,5Mbps,기본제공,"통화 기본제공, 기본제공","월 40,400원",40400,"혜택가 월 38,200원",38200,유심,false,LTE,전체,https://www.uplusumobile.com/product/pric/usim/pricList,2026-05-07T13:22:43.565Z
유모바일,틴에이저 (1GB+/통화기본),,1GB+1Mbps,1GB,1GB+1Mbps,1Mbps,기본제공,"통화 기본제공, 기본제공","월 25,400원",25400,"혜택가 월 8,900원",8900,유심,false,LTE,전체,https://www.uplusumobile.com/product/pric/usim/pricList,2026-05-07T13:22:43.565Z
유모바일,LTE (15GB+/300분),,15GB+3Mbps,15GB,15GB+3Mbps,3Mbps,300분,"통화 300분, 300건","월 55,000원",55000,"혜택가 월 27,450원",27450,유심,false,LTE,전체,https://www.uplusumobile.com/product/pric/usim/pricList,2026-05-07T13:22:43.565Z
유모바일,LTE (2.5GB/200분),,2.5GB,2.5GB,,,200분,"통화 200분, 100건","월 20,900원",20900,"혜택가 월 6,500원",6500,유심,false,LTE,전체,https://www.uplusumobile.com/product/pric/usim/pricList,2026-05-07T13:22:43.565Z
유모바일,LTE (9GB/3000분),,9GB,9GB,,,3000분,"통화 3000분, 1000건","월 37,800원",37800,"혜택가 월 12,500원",12500,유심,false,LTE,전체,https://www.uplusumobile.com/product/pric/usim/pricList,2026-05-07T13:22:43.565Z
유모바일,LTE 스페셜 프로,,일5GB+5Mbps,일5GB,일5GB+5Mbps,5Mbps,기본제공,"통화 기본제공, 기본제공","월 45,900원",45900,"혜택가 월 38,200원",38200,유심,false,LTE,전체,https://www.uplusumobile.com/product/pric/usim/pricList,2026-05-07T13:22:43.565Z
유모바일,시니어 (2GB+/통화기본),,2GB+0.4Mbps,2GB,2GB+0.4Mbps,400Kbps,기본제공,"통화 기본제공, 기본제공","월 19,000원",19000,"혜택가 월 6,900원",6900,유심,false,LTE,전체,https://www.uplusumobile.com/product/pric/usim/pricList,2026-05-07T13:22:43.565Z
유모바일,티머니 K-패스 (71GB+/통화기본),,11GB+일2GB+3Mbps,11GB+일2GB,11GB+일2GB+3Mbps,3Mbps,기본제공,"통화 기본제공, 기본제공","월 43,890원",43890,"혜택가 월 33,990원",33990,유심,true,LTE,전체,https://www.uplusumobile.com/product/pric/usim/pricList,2026-05-07T13:22:43.565Z
유모바일,틴에이저 (4.5GB+/통화기본),,4.5GB+1Mbps,4.5GB,4.5GB+1Mbps,1Mbps,기본제공,"통화 기본제공, 기본제공","월 32,700원",32700,"혜택가 월 12,900원",12900,유심,false,LTE,전체,https://www.uplusumobile.com/product/pric/usim/pricList,2026-05-07T13:22:43.565Z
유모바일,플러스알파 (4.5GB+/통화기본),,4.5GB+1Mbps,4.5GB,4.5GB+1Mbps,1Mbps,기본제공,"통화 기본제공, 기본제공","월 38,200원",38200,"혜택가 월 15,500원",15500,유심,true,LTE,전체,https://www.uplusumobile.com/product/pric/usim/pricList,2026-05-07T13:22:43.565Z
유모바일,GS25 (71GB+/통화기본),,11GB+일2GB+3Mbps,11GB+일2GB,11GB+일2GB+3Mbps,3Mbps,기본제공,"통화 기본제공, 기본제공","월 58,790원",58790,"혜택가 월 34,900원",34900,유심,true,LTE,전체,https://www.uplusumobile.com/product/pric/usim/pricList,2026-05-07T13:22:43.565Z
유모바일,LTE (3GB+/100분),,3GB+1Mbps,3GB,3GB+1Mbps,1Mbps,100분,"통화 100분, 100건","월 26,000원",26000,"혜택가 월 9,500원",9500,유심,false,LTE,전체,https://www.uplusumobile.com/product/pric/usim/pricList,2026-05-07T13:22:43.565Z
유모바일,LTE 스페셜 [더알뜰플랜2],,11GB+일2GB+3Mbps,11GB+일2GB,11GB+일2GB+3Mbps,3Mbps,기본제공,"통화 기본제공, 기본제공","월 35,190원",35190,"혜택가 월 32,990원",32990,유심,false,LTE,전체,https://www.uplusumobile.com/product/pric/usim/pricList,2026-05-07T13:22:43.565Z
유모바일,티머니 K-패스(7GB+/통화기본),,7GB+1Mbps,7GB,7GB+1Mbps,1Mbps,기본제공,"통화 기본제공, 기본제공","월 26,800원",26800,"혜택가 월 16,900원",16900,유심,true,LTE,전체,https://www.uplusumobile.com/product/pric/usim/pricList,2026-05-07T13:22:43.565Z
유모바일,틴에이저 (1GB+/100분),,1GB+1Mbps,1GB,1GB+1Mbps,1Mbps,100분,"통화 100분, 100건","월 17,900원",17900,"혜택가 월 6,900원",6900,유심,false,LTE,전체,https://www.uplusumobile.com/product/pric/usim/pricList,2026-05-07T13:22:43.565Z
유모바일,플러스알파 (1GB+/통화기본),,1GB+1Mbps,1GB,1GB+1Mbps,1Mbps,기본제공,"통화 기본제공, 기본제공","월 26,900원",26900,"혜택가 월 11,500원",11500,유심,true,LTE,전체,https://www.uplusumobile.com/product/pric/usim/pricList,2026-05-07T13:22:43.565Z
유모바일,5G (125GB+/통화기본),,125GB+5Mbps,125GB,125GB+5Mbps,5Mbps,기본제공,"통화 기본제공, 기본제공","월 54,500원",54500,"혜택가 월 42,100원",42100,유심,false,5G,전체,https://www.uplusumobile.com/product/pric/usim/pricList,2026-05-07T13:22:43.565Z
유모바일,5G (15GB/300분),,(15+10)GB,(15+10)GB,,,300분,"통화 300분, 300건","월 40,000원",40000,"혜택가 월 14,400원",14400,유심,false,5G,전체,https://www.uplusumobile.com/product/pric/usim/pricList,2026-05-07T13:22:43.565Z
유모바일,다성비 (7GB+/통화기본) [매월 다이소 5천원],,7GB+1Mbps,7GB,7GB+1Mbps,1Mbps,기본제공,"통화 기본제공, 기본제공","월 41,700원",41700,"혜택가 월 17,800원",17800,유심,true,LTE,전체,https://www.uplusumobile.com/product/pric/usim/pricList,2026-05-07T13:22:43.565Z
유모바일,LTE (10GB/100분) [더알뜰플랜],,10GB,10GB,,,100분,"통화 100분, 100건","월 11,000원",11000,"혜택가 월 8,800원",8800,유심,false,LTE,전체,https://www.uplusumobile.com/product/pric/usim/pricList,2026-05-07T13:22:43.565Z
유모바일,LTE (2.5GB+/200분),,2.5GB+1Mbps,2.5GB,2.5GB+1Mbps,1Mbps,200분,"통화 200분, 100건","월 22,500원",22500,"혜택가 월 9,500원",9500,유심,false,LTE,전체,https://www.uplusumobile.com/product/pric/usim/pricList,2026-05-07T13:22:43.565Z
유모바일,LTE (7GB+/통화기본) [더알뜰플랜2],,7GB+1Mbps,7GB,7GB+1Mbps,1Mbps,기본제공,"통화 기본제공, 기본제공","월 18,100원",18100,"혜택가 월 15,900원",15900,유심,false,LTE,전체,https://www.uplusumobile.com/product/pric/usim/pricList,2026-05-07T13:22:43.565Z
유모바일,YOUNG (1GB+/통화기본),,1GB+1Mbps,1GB,1GB+1Mbps,1Mbps,기본제공,"통화 기본제공, 기본제공","월 26,300원",26300,"혜택가 월 10,900원",10900,유심,true,LTE,전체,https://www.uplusumobile.com/product/pric/usim/pricList,2026-05-07T13:22:43.565Z
유모바일,다성비 (25GB+/통화기본) [매월 다이소 5천원],,(15+10)GB+1Mbps,(15+10)GB,(15+10)GB+1Mbps,1Mbps,기본제공,"통화 기본제공, 기본제공","월 51,900원",51900,"혜택가 월 23,800원",23800,유심,true,LTE,전체,https://www.uplusumobile.com/product/pric/usim/pricList,2026-05-07T13:22:43.565Z
유모바일,티머니 K-패스 (100GB+/통화기본),,100GB+5Mbps,100GB,100GB+5Mbps,5Mbps,기본제공,"통화 기본제공, 기본제공","월 49,100원",49100,"혜택가 월 39,200원",39200,유심,true,LTE,전체,https://www.uplusumobile.com/product/pric/usim/pricList,2026-05-07T13:22:43.565Z
유모바일,플러스알파 (71GB+/통화기본),,11GB+일2GB+3Mbps,11GB+일2GB,11GB+일2GB+3Mbps,3Mbps,기본제공,"통화 기본제공, 기본제공","월 51,000원",51000,"혜택가 월 34,600원",34600,유심,true,LTE,전체,https://www.uplusumobile.com/product/pric/usim/pricList,2026-05-07T13:22:43.565Z
유모바일,5G (80GB+/통화기본),,80GB+1Mbps,80GB,80GB+1Mbps,1Mbps,기본제공,"통화 기본제공, 기본제공","월 52,000원",52000,"혜택가 월 39,700원",39700,유심,false,5G,전체,https://www.uplusumobile.com/product/pric/usim/pricList,2026-05-07T13:22:43.565Z
유모바일,5G 스페셜,,150GB+5Mbps,150GB,150GB+5Mbps,5Mbps,기본제공,"통화 기본제공, 기본제공","월 58,700원",58700,"혜택가 월 47,300원",47300,유심,false,5G,전체,https://www.uplusumobile.com/product/pric/usim/pricList,2026-05-07T13:22:43.565Z
유모바일,GS25 (150GB+/통화기본),,일5GB+5Mbps,일5GB,일5GB+5Mbps,5Mbps,기본제공,"통화 기본제공, 기본제공","월 64,000원",64000,"혜택가 월 40,100원",40100,유심,true,LTE,전체,https://www.uplusumobile.com/product/pric/usim/pricList,2026-05-07T13:22:43.565Z
유모바일,LTE (5GB+/100분),,5GB+1Mbps,5GB,5GB+1Mbps,1Mbps,100분,"통화 100분, 100건","월 23,500원",23500,"혜택가 월 11,500원",11500,유심,false,LTE,전체,https://www.uplusumobile.com/product/pric/usim/pricList,2026-05-07T13:22:43.565Z
유모바일,YOUNG (71GB+/통화기본),,11GB+일2GB+3Mbps,11GB+일2GB,11GB+일2GB+3Mbps,3Mbps,기본제공,"통화 기본제공, 기본제공","월 50,390원",50390,"혜택가 월 33,990원",33990,유심,true,LTE,전체,https://www.uplusumobile.com/product/pric/usim/pricList,2026-05-07T13:22:43.565Z
유모바일,YOUNG (9GB/3000분),,9GB,9GB,,,3000분,"통화 3000분, 1000건","월 38,800원",38800,"혜택가 월 13,500원",13500,유심,true,LTE,전체,https://www.uplusumobile.com/product/pric/usim/pricList,2026-05-07T13:22:43.565Z
유모바일,데이터만 10GB,,10GB,10GB,,,미제공,"통화 미제공, 미제공","월 11,000원",11000,"혜택가 월 9,900원",9900,유심,false,LTE,전체,https://www.uplusumobile.com/product/pric/usim/pricList,2026-05-07T13:22:43.565Z
유모바일,시니어 (1GB+/100분),,1GB+0.4Mbps,1GB,1GB+0.4Mbps,400Kbps,100분,"통화 100분, 100건","월 9,300원",9300,"혜택가 월 3,900원",3900,유심,false,LTE,전체,https://www.uplusumobile.com/product/pric/usim/pricList,2026-05-07T13:22:43.565Z
유모바일,이츠 (100GB+/통화기본),,100GB+5Mbps,100GB,100GB+5Mbps,5Mbps,기본제공,"통화 기본제공, 기본제공","월 52,600원",52600,"혜택가 월 40,700원",40700,유심,true,LTE,전체,https://www.uplusumobile.com/product/pric/usim/pricList,2026-05-07T13:22:43.565Z
유모바일,5G (4GB/통화기본),,4GB,4GB,,,기본제공,"통화 기본제공, 기본제공","월 25,300원",25300,"혜택가 월 7,800원",7800,유심,false,5G,전체,https://www.uplusumobile.com/product/pric/usim/pricList,2026-05-07T13:22:43.565Z
유모바일,GS25 5G (10GB/200분),,10GB,10GB,,,200분,"통화 200분, 100건","월 32,800원",32800,"혜택가 월 13,500원",13500,유심,true,5G,전체,https://www.uplusumobile.com/product/pric/usim/pricList,2026-05-07T13:22:43.565Z
유모바일,LTE (4.5GB+/통화기본) [더알뜰플랜],,4.5GB+1Mbps,4.5GB,4.5GB+1Mbps,1Mbps,기본제공,"통화 기본제공, 기본제공","월 15,000원",15000,"혜택가 월 12,800원",12800,유심,false,LTE,전체,https://www.uplusumobile.com/product/pric/usim/pricList,2026-05-07T13:22:43.565Z
유모바일,YOUNG (100GB+/통화기본),,100GB+5Mbps,100GB,100GB+5Mbps,5Mbps,기본제공,"통화 기본제공, 기본제공","월 47,600원",47600,"혜택가 월 39,200원",39200,유심,true,LTE,전체,https://www.uplusumobile.com/product/pric/usim/pricList,2026-05-07T13:22:43.565Z
유모바일,다성비 (1GB+/통화기본),,1GB+1Mbps,1GB,1GB+1Mbps,1Mbps,기본제공,"통화 기본제공, 기본제공","월 26,300원",26300,"혜택가 월 10,900원",10900,유심,true,LTE,전체,https://www.uplusumobile.com/product/pric/usim/pricList,2026-05-07T13:22:43.565Z
유모바일,데이터플러스 (15GB+/100분),,(15+10)GB+3Mbps,(15+10)GB,(15+10)GB+3Mbps,3Mbps,100분,"통화 100분, 100건","월 51,550원",51550,"혜택가 월 26,900원",26900,유심,false,LTE,전체,https://www.uplusumobile.com/product/pric/usim/pricList,2026-05-07T13:22:43.566Z
유모바일,빽다방 100잔 (71GB+/통화기본),,11GB+일2GB+3Mbps,11GB+일2GB,11GB+일2GB+3Mbps,3Mbps,기본제공,"통화 기본제공, 기본제공","월 50,000원",50000,"혜택가 월 34,500원",34500,유심,true,LTE,전체,https://www.uplusumobile.com/product/pric/usim/pricList,2026-05-07T13:22:43.566Z
유모바일,이츠 (71GB+/통화기본),,11GB+일2GB+3Mbps,11GB+일2GB,11GB+일2GB+3Mbps,3Mbps,기본제공,"통화 기본제공, 기본제공","월 47,400원",47400,"혜택가 월 35,500원",35500,유심,true,LTE,전체,https://www.uplusumobile.com/product/pric/usim/pricList,2026-05-07T13:22:43.566Z
유모바일,10%적립 (10GB+/500분),,10GB+1Mbps,10GB,10GB+1Mbps,1Mbps,500분,"통화 500분, 500건","월 18,500원",18500,,,유심,true,LTE,전체,https://www.uplusumobile.com/product/pric/usim/pricList,2026-05-07T13:22:43.566Z
유모바일,10%적립 (7GB+/통화기본),,7GB+1Mbps,7GB,7GB+1Mbps,1Mbps,기본제공,"통화 기본제공, 기본제공","월 17,900원",17900,,,유심,true,LTE,전체,https://www.uplusumobile.com/product/pric/usim/pricList,2026-05-07T13:22:43.566Z
유모바일,5G (14GB+/통화기본),,14GB+1Mbps,14GB,14GB+1Mbps,1Mbps,기본제공,"통화 기본제공, 기본제공","월 42,600원",42600,"혜택가 월 33,010원",33010,유심,false,5G,전체,https://www.uplusumobile.com/product/pric/usim/pricList,2026-05-07T13:22:43.566Z
유모바일,LTE (5GB+/200분),,5GB+1Mbps,5GB,5GB+1Mbps,1Mbps,200분,"통화 200분, 100건","월 28,200원",28200,"혜택가 월 12,500원",12500,유심,false,LTE,전체,https://www.uplusumobile.com/product/pric/usim/pricList,2026-05-07T13:22:43.566Z
유모바일,YOUNG (15GB+/300분),,15GB+3Mbps,15GB,15GB+3Mbps,3Mbps,300분,"통화 300분, 300건","월 56,000원",56000,"혜택가 월 28,450원",28450,유심,true,LTE,전체,https://www.uplusumobile.com/product/pric/usim/pricList,2026-05-07T13:22:43.566Z
유모바일,다성비 (5GB+/100분),,5GB+1Mbps,5GB,5GB+1Mbps,1Mbps,100분,"통화 100분, 100건","월 24,500원",24500,"혜택가 월 12,900원",12900,유심,true,LTE,전체,https://www.uplusumobile.com/product/pric/usim/pricList,2026-05-07T13:22:43.566Z
유모바일,빽다방 100잔 5G (10GB/통화기본),,10GB,10GB,,,기본제공,"통화 기본제공, 기본제공","월 36,000원",36000,"혜택가 월 14,000원",14000,유심,true,5G,전체,https://www.uplusumobile.com/product/pric/usim/pricList,2026-05-07T13:22:43.566Z
유모바일,자급제폰케어 (71GB+/통화기본),,11GB+일2GB+3Mbps,11GB+일2GB,11GB+일2GB+3Mbps,3Mbps,기본제공,"통화 기본제공, 기본제공","월 49,390원",49390,"혜택가 월 34,300원",34300,유심,false,LTE,전체,https://www.uplusumobile.com/product/pric/usim/pricList,2026-05-07T13:22:43.566Z
유모바일,10%적립 (1GB+/통화기본),,1GB+1Mbps,1GB,1GB+1Mbps,1Mbps,기본제공,"통화 기본제공, 기본제공","월 10,300원",10300,,,유심,true,LTE,전체,https://www.uplusumobile.com/product/pric/usim/pricList,2026-05-07T13:22:43.566Z
유모바일,10%적립 (4.5GB+/통화기본),,4.5GB+1Mbps,4.5GB,4.5GB+1Mbps,1Mbps,기본제공,"통화 기본제공, 기본제공","월 15,200원",15200,,,유심,true,LTE,전체,https://www.uplusumobile.com/product/pric/usim/pricList,2026-05-07T13:22:43.566Z
유모바일,5G (5GB/통화기본),,5GB,5GB,,,기본제공,"통화 기본제공, 기본제공","월 27,700원",27700,"혜택가 월 9,900원",9900,유심,false,5G,전체,https://www.uplusumobile.com/product/pric/usim/pricList,2026-05-07T13:22:43.566Z
유모바일,K-패스 (100GB+/통화기본),,100GB+5Mbps,100GB,100GB+5Mbps,5Mbps,기본제공,"통화 기본제공, 기본제공","월 47,600원",47600,"혜택가 월 39,200원",39200,유심,true,LTE,전체,https://www.uplusumobile.com/product/pric/usim/pricList,2026-05-07T13:22:43.566Z
유모바일,LTE (5GB/300분),,5GB,5GB,,,300분,"통화 300분, 100건","월 27,500원",27500,"혜택가 월 10,120원",10120,유심,false,LTE,전체,https://www.uplusumobile.com/product/pric/usim/pricList,2026-05-07T13:22:43.566Z
유모바일,YOUNG (6GB/통화기본),,6GB,6GB,,,기본제공,"통화 기본제공, 기본제공","월 36,000원",36000,"혜택가 월 10,500원",10500,유심,true,LTE,전체,https://www.uplusumobile.com/product/pric/usim/pricList,2026-05-07T13:22:43.566Z
유모바일,YOUNG 5G (50GB+/통화기본),,50GB+1Mbps,50GB,50GB+1Mbps,1Mbps,기본제공,"통화 기본제공, 기본제공","월 51,000원",51000,"혜택가 월 38,850원",38850,유심,true,5G,전체,https://www.uplusumobile.com/product/pric/usim/pricList,2026-05-07T13:22:43.566Z
유모바일,다성비 (71GB+/통화기본),,11GB+일2GB+3Mbps,11GB+일2GB,11GB+일2GB+3Mbps,3Mbps,기본제공,"통화 기본제공, 기본제공","월 50,390원",50390,"혜택가 월 33,990원",33990,유심,true,LTE,전체,https://www.uplusumobile.com/product/pric/usim/pricList,2026-05-07T13:22:43.566Z
유모바일,다성비 (71GB+/통화기본) [매월 다이소 5천원],,11GB+일2GB+3Mbps,11GB+일2GB,11GB+일2GB+3Mbps,3Mbps,기본제공,"통화 기본제공, 기본제공","월 51,290원",51290,"혜택가 월 34,890원",34890,유심,true,LTE,전체,https://www.uplusumobile.com/product/pric/usim/pricList,2026-05-07T13:22:43.566Z
유모바일,빽다방 100잔 (15GB+/통화기본),,15GB+1Mbps,15GB,15GB+1Mbps,1Mbps,기본제공,"통화 기본제공, 기본제공","월 49,000원",49000,"혜택가 월 22,400원",22400,유심,true,LTE,전체,https://www.uplusumobile.com/product/pric/usim/pricList,2026-05-07T13:22:43.566Z
유모바일,빽다방 100잔 (1GB+/통화기본),,1GB+1Mbps,1GB,1GB+1Mbps,1Mbps,기본제공,"통화 기본제공, 기본제공","월 26,000원",26000,"혜택가 월 11,400원",11400,유심,true,LTE,전체,https://www.uplusumobile.com/product/pric/usim/pricList,2026-05-07T13:22:43.566Z
유모바일,빽다방 100잔 (7GB+/통화기본),,7GB+1Mbps,7GB,7GB+1Mbps,1Mbps,기본제공,"통화 기본제공, 기본제공","월 40,000원",40000,"혜택가 월 17,900원",17900,유심,true,LTE,전체,https://www.uplusumobile.com/product/pric/usim/pricList,2026-05-07T13:22:43.566Z
유모바일,빽다방 100잔 5G (5GB/통화기본),,5GB,5GB,,,기본제공,"통화 기본제공, 기본제공","월 28,000원",28000,"혜택가 월 12,400원",12400,유심,true,5G,전체,https://www.uplusumobile.com/product/pric/usim/pricList,2026-05-07T13:22:43.566Z
유모바일,이십세 (1GB+/통화기본),,1GB+1Mbps,1GB,1GB+1Mbps,1Mbps,기본제공,"통화 기본제공, 기본제공","월 25,850원",25850,"혜택가 월 9,900원",9900,유심,false,LTE,전체,https://www.uplusumobile.com/product/pric/usim/pricList,2026-05-07T13:22:43.566Z
유모바일,자급제폰케어 (100GB+/통화기본),,100GB+5Mbps,100GB,100GB+5Mbps,5Mbps,기본제공,"통화 기본제공, 기본제공","월 47,900원",47900,"혜택가 월 39,490원",39490,유심,false,LTE,전체,https://www.uplusumobile.com/product/pric/usim/pricList,2026-05-07T13:22:43.566Z
유모바일,플러스알파 (15GB+/통화기본),,15GB+1Mbps,15GB,15GB+1Mbps,1Mbps,기본제공,"통화 기본제공, 기본제공","월 50,000원",50000,"혜택가 월 22,500원",22500,유심,true,LTE,전체,https://www.uplusumobile.com/product/pric/usim/pricList,2026-05-07T13:22:43.566Z
유모바일,K-패스 (15GB+/통화기본),,15GB+1Mbps,15GB,15GB+1Mbps,1Mbps,기본제공,"통화 기본제공, 기본제공","월 49,400원",49400,"혜택가 월 21,900원",21900,유심,true,LTE,전체,https://www.uplusumobile.com/product/pric/usim/pricList,2026-05-07T13:22:43.566Z
유모바일,K-패스 (1GB+/통화기본),,1GB+1Mbps,1GB,1GB+1Mbps,1Mbps,기본제공,"통화 기본제공, 기본제공","월 26,300원",26300,"혜택가 월 10,900원",10900,유심,true,LTE,전체,https://www.uplusumobile.com/product/pric/usim/pricList,2026-05-07T13:22:43.566Z
유모바일,K-패스 (71GB+/통화기본),,11GB+일2GB+3Mbps,11GB+일2GB,11GB+일2GB+3Mbps,3Mbps,기본제공,"통화 기본제공, 기본제공","월 50,390원",50390,"혜택가 월 33,990원",33990,유심,true,LTE,전체,https://www.uplusumobile.com/product/pric/usim/pricList,2026-05-07T13:22:43.566Z
유모바일,K-패스 (7GB+/통화기본),,7GB+1Mbps,7GB,7GB+1Mbps,1Mbps,기본제공,"통화 기본제공, 기본제공","월 40,800원",40800,"혜택가 월 16,900원",16900,유심,true,LTE,전체,https://www.uplusumobile.com/product/pric/usim/pricList,2026-05-07T13:22:43.566Z
유모바일,LTE (15GB+/180분),,15GB+3Mbps,15GB,15GB+3Mbps,3Mbps,180분,"통화 180분, 100건","월 48,900원",48900,"혜택가 월 26,900원",26900,유심,false,LTE,전체,https://www.uplusumobile.com/product/pric/usim/pricList,2026-05-07T13:22:43.566Z
유모바일,YOUNG 5G (3GB/통화기본),,3GB,3GB,,,기본제공,"통화 기본제공, 기본제공","월 25,400원",25400,"혜택가 월 8,900원",8900,유심,true,5G,전체,https://www.uplusumobile.com/product/pric/usim/pricList,2026-05-07T13:22:43.566Z
유모바일,다성비 (10GB+/통화기본),,10GB+1Mbps,10GB,10GB+1Mbps,1Mbps,기본제공,"통화 기본제공, 기본제공","월 42,950원",42950,"혜택가 월 19,900원",19900,유심,true,LTE,전체,https://www.uplusumobile.com/product/pric/usim/pricList,2026-05-07T13:22:43.566Z
유모바일,다성비 (15GB+/100분),,15GB+3Mbps,15GB,15GB+3Mbps,3Mbps,100분,"통화 100분, 100건","월 48,300원",48300,"혜택가 월 25,900원",25900,유심,true,LTE,전체,https://www.uplusumobile.com/product/pric/usim/pricList,2026-05-07T13:22:43.566Z
유모바일,이십세 (10GB+/500분),,10GB+1Mbps,10GB,10GB+1Mbps,1Mbps,500분,"통화 500분, 500건","월 30,700원",30700,"혜택가 월 17,500원",17500,유심,false,LTE,전체,https://www.uplusumobile.com/product/pric/usim/pricList,2026-05-07T13:22:43.566Z
유모바일,이십세 (15GB+/300분),,15GB+3Mbps,15GB,15GB+3Mbps,3Mbps,300분,"통화 300분, 300건","월 55,000원",55000,"혜택가 월 27,450원",27450,유심,false,LTE,전체,https://www.uplusumobile.com/product/pric/usim/pricList,2026-05-07T13:22:43.566Z
유모바일,이십세 (4.5GB+/통화기본),,4.5GB+1Mbps,4.5GB,4.5GB+1Mbps,1Mbps,기본제공,"통화 기본제공, 기본제공","월 36,010원",36010,"혜택가 월 13,900원",13900,유심,false,LTE,전체,https://www.uplusumobile.com/product/pric/usim/pricList,2026-05-07T13:22:43.566Z
유모바일,이십세 (7GB+/통화기본),,7GB+1Mbps,7GB,7GB+1Mbps,1Mbps,기본제공,"통화 기본제공, 기본제공","월 40,000원",40000,"혜택가 월 17,300원",17300,유심,false,LTE,전체,https://www.uplusumobile.com/product/pric/usim/pricList,2026-05-07T13:22:43.566Z
유모바일,이십세 스페셜,,11GB+일2GB+3Mbps,11GB+일2GB,11GB+일2GB+3Mbps,3Mbps,기본제공,"통화 기본제공, 기본제공","월 49,390원",49390,"혜택가 월 33,900원",33900,유심,false,LTE,전체,https://www.uplusumobile.com/product/pric/usim/pricList,2026-05-07T13:22:43.566Z
유모바일,자급제폰케어 (7GB+/통화기본),,7GB+1Mbps,7GB,7GB+1Mbps,1Mbps,기본제공,"통화 기본제공, 기본제공","월 39,800원",39800,"혜택가 월 17,200원",17200,유심,false,LTE,전체,https://www.uplusumobile.com/product/pric/usim/pricList,2026-05-07T13:22:43.566Z
유모바일,[휴대폰] 5G (10GB/200분),,10GB,10GB,,,200분,"통화 200분, 100건","월 34,000원",34000,"혜택가 월 28,500원",28500,휴대폰,false,5G,전체,https://www.uplusumobile.com/product/pric/phone/pricList,2026-05-07T13:22:48.014Z
유모바일,[휴대폰] 5G (5GB/3000분),,5GB,5GB,,,3000분,"통화 3000분, 1000건","월 32,000원",32000,"혜택가 월 25,400원",25400,휴대폰,false,5G,전체,https://www.uplusumobile.com/product/pric/phone/pricList,2026-05-07T13:22:48.014Z
유모바일,[휴대폰] 5G (5GB/200분),,5GB,5GB,,,200분,"통화 200분, 100건","월 29,000원",29000,"혜택가 월 23,500원",23500,휴대폰,false,5G,전체,https://www.uplusumobile.com/product/pric/phone/pricList,2026-05-07T13:22:48.014Z
유모바일,[휴대폰] LTE (1GB+/통화기본),,1GB+1Mbps,1GB,1GB+1Mbps,1Mbps,기본제공,"통화 기본제공, 기본제공","월 24,900원",24900,,,휴대폰,false,LTE,전체,https://www.uplusumobile.com/product/pric/phone/pricList,2026-05-07T13:22:48.014Z
유모바일,[휴대폰] 5G (10GB/3000분),,10GB,10GB,,,3000분,"통화 3000분, 1000건","월 39,000원",39000,"혜택가 월 30,200원",30200,휴대폰,false,5G,전체,https://www.uplusumobile.com/product/pric/phone/pricList,2026-05-07T13:22:48.014Z
유모바일,[휴대폰] 데이터플러스 (7GB+/통화기본),,(7+10)GB+1Mbps,(7+10)GB,(7+10)GB+1Mbps,1Mbps,기본제공,"통화 기본제공, 기본제공","월 41,400원",41400,"혜택가 월 34,900원",34900,휴대폰,false,LTE,전체,https://www.uplusumobile.com/product/pric/phone/pricList,2026-05-07T13:22:48.014Z
유모바일,[휴대폰] LTE (7GB+/통화기본),,7GB+1Mbps,7GB,7GB+1Mbps,1Mbps,기본제공,"통화 기본제공, 기본제공","월 39,900원",39900,"혜택가 월 33,000원",33000,휴대폰,false,LTE,전체,https://www.uplusumobile.com/product/pric/phone/pricList,2026-05-07T13:22:48.014Z
유모바일,[휴대폰] 폰케어 (17GB+/통화기본),,(7+10)GB+1Mbps,(7+10)GB,(7+10)GB+1Mbps,1Mbps,기본제공,"통화 기본제공, 기본제공","월 47,300원",47300,"혜택가 월 37,400원",37400,휴대폰,false,LTE,전체,https://www.uplusumobile.com/product/pric/phone/pricList,2026-05-07T13:22:48.014Z
유모바일,[휴대폰] LTE (4.5GB+/통화기본),,4.5GB+1Mbps,4.5GB,4.5GB+1Mbps,1Mbps,기본제공,"통화 기본제공, 기본제공","월 40,000원",40000,"혜택가 월 28,900원",28900,휴대폰,false,LTE,전체,https://www.uplusumobile.com/product/pric/phone/pricList,2026-05-07T13:22:48.014Z
유모바일,[휴대폰] 5G (2GB/120분),,2GB,2GB,,,120분,"통화 120분, 100건","월 21,000원",21000,"혜택가 월 19,900원",19900,휴대폰,false,5G,전체,https://www.uplusumobile.com/product/pric/phone/pricList,2026-05-07T13:22:48.014Z
유모바일,[휴대폰] LTE (1.5GB/통화기본),,1.5GB,1.5GB,,,기본제공,"통화 기본제공, 기본제공","월 25,900원",25900,,,휴대폰,false,LTE,전체,https://www.uplusumobile.com/product/pric/phone/pricList,2026-05-07T13:22:48.014Z
유모바일,[휴대폰] LTE (15GB+/통화기본),,15GB+1Mbps,15GB,15GB+1Mbps,1Mbps,기본제공,"통화 기본제공, 기본제공","월 39,900원",39900,,,휴대폰,false,LTE,전체,https://www.uplusumobile.com/product/pric/phone/pricList,2026-05-07T13:22:48.014Z
유모바일,[휴대폰] 5G (14GB+/통화기본),,14GB+1Mbps,14GB,14GB+1Mbps,1Mbps,기본제공,"통화 기본제공, 기본제공","월 50,000원",50000,,,휴대폰,false,5G,전체,https://www.uplusumobile.com/product/pric/phone/pricList,2026-05-07T13:22:48.014Z
유모바일,[휴대폰] LTE (2GB/120분),,2GB,2GB,,,120분,"통화 120분, 100건","월 20,900원",20900,"혜택가 월 19,000원",19000,휴대폰,false,LTE,전체,https://www.uplusumobile.com/product/pric/phone/pricList,2026-05-07T13:22:48.014Z
유모바일,[휴대폰] LTE 스페셜,,11GB+일2GB+3Mbps,11GB+일2GB,11GB+일2GB+3Mbps,3Mbps,기본제공,"통화 기본제공, 기본제공","월 60,390원",60390,"혜택가 월 49,000원",49000,휴대폰,false,LTE,전체,https://www.uplusumobile.com/product/pric/phone/pricList,2026-05-07T13:22:48.014Z
유모바일,[휴대폰] 알뜰한(300MB/90분),,300MB,300MB,,,90분,"통화 90분, 100건","월 18,500원",18500,,,휴대폰,false,LTE,전체,https://www.uplusumobile.com/product/pric/phone/pricList,2026-05-07T13:22:48.014Z
유모바일,[휴대폰] 5G (125GB+/통화기본),,125GB+5Mbps,125GB,125GB+5Mbps,5Mbps,기본제공,"통화 기본제공, 기본제공","월 65,000원",65000,,,휴대폰,false,5G,전체,https://www.uplusumobile.com/product/pric/phone/pricList,2026-05-07T13:22:48.014Z
유모바일,[휴대폰] 5G (31GB+/통화기본),,31GB+1Mbps,31GB,31GB+1Mbps,1Mbps,기본제공,"통화 기본제공, 기본제공","월 55,000원",55000,,,휴대폰,false,5G,전체,https://www.uplusumobile.com/product/pric/phone/pricList,2026-05-07T13:22:48.014Z
유모바일,[휴대폰] 5G (50GB+/통화기본),,50GB+1Mbps,50GB,50GB+1Mbps,1Mbps,기본제공,"통화 기본제공, 기본제공","월 58,000원",58000,,,휴대폰,false,5G,전체,https://www.uplusumobile.com/product/pric/phone/pricList,2026-05-07T13:22:48.014Z
유모바일,[휴대폰] 5G (80GB+/통화기본),,80GB+1Mbps,80GB,80GB+1Mbps,1Mbps,기본제공,"통화 기본제공, 기본제공","월 61,000원",61000,,,휴대폰,false,5G,전체,https://www.uplusumobile.com/product/pric/phone/pricList,2026-05-07T13:22:48.014Z
유모바일,[휴대폰] 5G (95GB+/통화기본),,95GB+3Mbps,95GB,95GB+3Mbps,3Mbps,기본제공,"통화 기본제공, 기본제공","월 63,000원",63000,,,휴대폰,false,5G,전체,https://www.uplusumobile.com/product/pric/phone/pricList,2026-05-07T13:22:48.014Z
유모바일,[휴대폰] 5G 스페셜,,150GB+5Mbps,150GB,150GB+5Mbps,5Mbps,기본제공,"통화 기본제공, 기본제공","월 69,000원",69000,,,휴대폰,false,5G,전체,https://www.uplusumobile.com/product/pric/phone/pricList,2026-05-07T13:22:48.014Z
유모바일,[휴대폰] 5G 스페셜 프로,,180GB+10Mbps,180GB,180GB+10Mbps,10Mbps,기본제공,"통화 기본제공, 기본제공","월 74,000원",74000,,,휴대폰,false,5G,전체,https://www.uplusumobile.com/product/pric/phone/pricList,2026-05-07T13:22:48.014Z
유모바일,[휴대폰] LTE (10GB+/200분),,10GB+1Mbps,10GB,10GB+1Mbps,1Mbps,200분,"통화 200분, 100건","월 36,900원",36900,,,휴대폰,false,LTE,전체,https://www.uplusumobile.com/product/pric/phone/pricList,2026-05-07T13:22:48.014Z
유모바일,[휴대폰] LTE (10GB+/통화기본),,10GB+1Mbps,10GB,10GB+1Mbps,1Mbps,기본제공,"통화 기본제공, 기본제공","월 36,900원",36900,,,휴대폰,false,LTE,전체,https://www.uplusumobile.com/product/pric/phone/pricList,2026-05-07T13:22:48.014Z
유모바일,[휴대폰] LTE (15GB+/100분),,15GB+3Mbps,15GB,15GB+3Mbps,3Mbps,100분,"통화 100분, 100건","월 45,900원",45900,,,휴대폰,false,LTE,전체,https://www.uplusumobile.com/product/pric/phone/pricList,2026-05-07T13:22:48.014Z
유모바일,[휴대폰] LTE (4.5GB/통화기본),,4.5GB,4.5GB,,,기본제공,"통화 기본제공, 기본제공","월 32,900원",32900,,,휴대폰,false,LTE,전체,https://www.uplusumobile.com/product/pric/phone/pricList,2026-05-07T13:22:48.014Z
유모바일,[휴대폰] LTE (4GB/200분),,4GB,4GB,,,200분,"통화 200분, 100건","월 29,900원",29900,,,휴대폰,false,LTE,전체,https://www.uplusumobile.com/product/pric/phone/pricList,2026-05-07T13:22:48.014Z
유모바일,[휴대폰] LTE 스페셜 프로,,일5GB+5Mbps,일5GB,일5GB+5Mbps,5Mbps,기본제공,"통화 기본제공, 기본제공","월 65,900원",65900,,,휴대폰,false,LTE,전체,https://www.uplusumobile.com/product/pric/phone/pricList,2026-05-07T13:22:48.014Z
유모바일,[휴대폰] 데이터차단 (0GB/통화기본),,,,,,기본제공,"통화 기본제공, 기본제공","월 24,900원",24900,,,휴대폰,false,LTE,전체,https://www.uplusumobile.com/product/pric/phone/pricList,2026-05-07T13:22:48.014Z
유모바일,[휴대폰] 데이터플러스 (15GB+/통화기본),,(15+10)GB+1Mbps,(15+10)GB,(15+10)GB+1Mbps,1Mbps,기본제공,"통화 기본제공, 기본제공","월 50,000원",50000,"혜택가 월 40,900원",40900,휴대폰,false,LTE,전체,https://www.uplusumobile.com/product/pric/phone/pricList,2026-05-07T13:22:48.014Z
유모바일,[휴대폰] 복지(750MB/160분),,750MB,750MB,,,160분,"통화 160분, 200건","월 30,800원",30800,,,휴대폰,false,LTE,전체,https://www.uplusumobile.com/product/pric/phone/pricList,2026-05-07T13:22:48.014Z
유모바일,[휴대폰] 알뜰한(1GB/120분),,1GB,1GB,,,120분,"통화 120분, 100건","월 24,500원",24500,,,휴대폰,false,LTE,전체,https://www.uplusumobile.com/product/pric/phone/pricList,2026-05-07T13:22:48.014Z
유모바일,[휴대폰] 알뜰한(2GB/200분),,2GB,2GB,,,200분,"통화 200분, 100건","월 29,500원",29500,,,휴대폰,false,LTE,전체,https://www.uplusumobile.com/product/pric/phone/pricList,2026-05-07T13:22:48.014Z
유모바일,[휴대폰] 청소년 (750MB+/통화기본),,750MB+0.4Mbps,750MB,750MB+0.4Mbps,400Kbps,기본제공,"통화 기본제공, 기본제공","월 32,890원",32890,,,휴대폰,false,LTE,전체,https://www.uplusumobile.com/product/pric/phone/pricList,2026-05-07T13:22:48.014Z
유모바일,[휴대폰] 폰케어 (1GB+/통화기본),,1GB+1Mbps,1GB,1GB+1Mbps,1Mbps,기본제공,"통화 기본제공, 기본제공","월 37,300원",37300,"혜택가 월 27,400원",27400,휴대폰,false,LTE,전체,https://www.uplusumobile.com/product/pric/phone/pricList,2026-05-07T13:22:48.014Z
유모바일,[휴대폰] 폰케어 (4.5GB+/통화기본),,4.5GB+1Mbps,4.5GB,4.5GB+1Mbps,1Mbps,기본제공,"통화 기본제공, 기본제공","월 41,300원",41300,"혜택가 월 31,400원",31400,휴대폰,false,LTE,전체,https://www.uplusumobile.com/product/pric/phone/pricList,2026-05-07T13:22:48.014Z
유모바일,[휴대폰] 폰케어 (71GB+/통화기본),,11GB+일2GB+3Mbps,11GB+일2GB,11GB+일2GB+3Mbps,3Mbps,기본제공,"통화 기본제공, 기본제공","월 61,400원",61400,"혜택가 월 51,500원",51500,휴대폰,false,LTE,전체,https://www.uplusumobile.com/product/pric/phone/pricList,2026-05-07T13:22:48.014Z
유모바일,갤럭시틴즈 LTE (10GB+/통화기본),,10GB+1Mbps,10GB,10GB+1Mbps,1Mbps,기본제공,"통화 기본제공, 기본제공","월 36,900원",36900,,,휴대폰,false,LTE,전체,https://www.uplusumobile.com/product/pric/phone/pricList,2026-05-07T13:22:48.014Z
유모바일,갤럭시틴즈 LTE (1GB+/통화기본),,1GB+1Mbps,1GB,1GB+1Mbps,1Mbps,기본제공,"통화 기본제공, 기본제공","월 24,900원",24900,,,휴대폰,false,LTE,전체,https://www.uplusumobile.com/product/pric/phone/pricList,2026-05-07T13:22:48.014Z
유모바일,갤럭시틴즈 LTE (6GB+/통화기본),,6GB+1Mbps,6GB,6GB+1Mbps,1Mbps,기본제공,"통화 기본제공, 기본제공","월 33,000원",33000,,,휴대폰,false,LTE,전체,https://www.uplusumobile.com/product/pric/phone/pricList,2026-05-07T13:22:48.014Z
스카이라이프,5G 모두 충분 200GB+,pl234d620,데이터 200 GB,200GB,"5G • 200GB+최대10Mbps
데이터 기본 200GB를 다 쓰면 최대 10Mbps 속도로 무제한 이용 가능해요",10Mbps,집/이동전화 기본제공,기본제공,"월 51,700원",51700,"혜택가 월 49,200원",49200,유심,false,5G,전체,https://www.skylife.co.kr/product/mobile/all,2026-05-07T13:23:22.846Z
스카이라이프,5G 모두 충분 200GB+(밀리의서재),pl238p556,데이터 200 GB,200GB,"5G • 200GB+최대10Mbps
데이터 기본 200GB를 다 쓰면 최대 10Mbps 속도로 무제한 이용 가능해요",10Mbps,집/이동전화 기본제공,기본제공,"월 51,700원",51700,"혜택가 월 49,200원",49200,유심,false,5G,전체,https://www.skylife.co.kr/product/mobile/all,2026-05-07T13:23:22.846Z
스카이라이프,5G 모두 충분 110GB+,pl231k975,데이터 110 GB,110GB,"5G • 110GB+최대5Mbps
데이터 기본 110GB를 다 쓰면 최대 5Mbps 속도로 무제한 이용 가능해요",5Mbps,집/이동전화 기본제공,기본제공,"월 49,500원",49500,"혜택가 월 42,900원",42900,유심,false,5G,전체,https://www.skylife.co.kr/product/mobile/all,2026-05-07T13:23:22.846Z
스카이라이프,5G 모두 충분 110GB+(밀리의서재),pl238p560,데이터 110 GB,110GB,"5G • 110GB+최대5Mbps
데이터 기본 110GB를 다 쓰면 최대 5Mbps 속도로 무제한 이용 가능해요",5Mbps,집/이동전화 기본제공,기본제공,"월 49,500원",49500,"혜택가 월 42,900원",42900,유심,false,5G,전체,https://www.skylife.co.kr/product/mobile/all,2026-05-07T13:23:22.846Z
스카이라이프,모두 충분 100GB+(지니뮤직),pl2595321,데이터 100 GB,100GB,"LTE • 100GB+최대5Mbps
데이터 기본 100GB를 다 쓰면 최대 5Mbps 속도로 무제한 이용 가능해요",5Mbps,집/이동전화 기본제공,기본제공,"월 46,200원",46200,"혜택가 월 42,200원",42200,유심,false,LTE,전체,https://www.skylife.co.kr/product/mobile/all,2026-05-07T13:23:22.846Z
스카이라이프,모두 충분 100GB+(Pay_5000),pl238p576,데이터 100 GB,100GB,"LTE • 100GB+최대5Mbps
데이터 기본 100GB를 다 쓰면 최대 5Mbps 속도로 무제한 이용 가능해요",5Mbps,집/이동전화 기본제공,기본제공,"월 46,200원",46200,"혜택가 월 41,700원",41700,유심,false,LTE,전체,https://www.skylife.co.kr/product/mobile/all,2026-05-07T13:23:22.846Z
스카이라이프,모두 충분 100GB+(웨이브),pl237k291,데이터 100 GB,100GB,"LTE • 100GB+최대5Mbps
데이터 기본 100GB를 다 쓰면 최대 5Mbps 속도로 무제한 이용 가능해요",5Mbps,집/이동전화 기본제공,기본제공,"월 46,200원",46200,"혜택가 월 41,700원",41700,유심,false,LTE,전체,https://www.skylife.co.kr/product/mobile/all,2026-05-07T13:23:22.846Z
스카이라이프,모두 충분 100GB+(올리브영_5000),pl254t549,데이터 100 GB,100GB,"LTE • 100GB+최대5Mbps
데이터 기본 100GB를 다 쓰면 최대 5Mbps 속도로 무제한 이용 가능해요",5Mbps,집/이동전화 기본제공,기본제공,"월 49,500원",49500,"혜택가 월 41,700원",41700,유심,false,LTE,전체,https://www.skylife.co.kr/product/mobile/all,2026-05-07T13:23:22.846Z
스카이라이프,모두 충분 100GB+(다이소_5000),pl254t547,데이터 100 GB,100GB,"LTE • 100GB+최대5Mbps
데이터 기본 100GB를 다 쓰면 최대 5Mbps 속도로 무제한 이용 가능해요",5Mbps,집/이동전화 기본제공,기본제공,"월 49,500원",49500,"혜택가 월 41,700원",41700,유심,false,LTE,전체,https://www.skylife.co.kr/product/mobile/all,2026-05-07T13:23:22.846Z
스카이라이프,모두 충분 일5GB+(왓챠),pl221o962,데이터 5 GB,5GB,"LTE •일5GB+최대5Mbps
데이터 기본 하루 5GB를 다 쓰면 최대 5Mbps 속도로 무제한 이용 가능해요",5Mbps,집/이동전화 기본제공,기본제공,"월 41,900원",41900,"혜택가 월 41,100원",41100,유심,false,5G,전체,https://www.skylife.co.kr/product/mobile/all,2026-05-07T13:23:22.846Z
스카이라이프,5G 모두 충분 90GB+(밀리의서재),pl238p563,데이터 90 GB,90GB,"5G • 90GB+최대1Mbps
데이터 기본 90GB를 다 쓰면 최대 1Mbps 속도로 무제한 이용 가능해요",1Mbps,집/이동전화 기본제공,기본제공,"월 50,600원",50600,"혜택가 월 40,300원",40300,유심,false,5G,전체,https://www.skylife.co.kr/product/mobile/all,2026-05-07T13:23:22.846Z
스카이라이프,5G 모두 충분 90GB+,pl234l653,데이터 90 GB,90GB,"5G • 90GB+최대1Mbps
데이터 기본 90GB를 다 쓰면 최대 1Mbps 속도로 무제한 이용 가능해요",1Mbps,집/이동전화 기본제공,기본제공,"월 50,600원",50600,"혜택가 월 40,300원",40300,유심,false,5G,전체,https://www.skylife.co.kr/product/mobile/all,2026-05-07T13:23:22.846Z
스카이라이프,5G 모두 충분 70GB+(밀리의서재),pl238p568,데이터 70 GB,70GB,"5G • 70GB+최대1Mbps
데이터 기본 70GB를 다 쓰면 최대 1Mbps 속도로 무제한 이용 가능해요",1Mbps,집/이동전화 기본제공,기본제공,"월 48,400원",48400,"혜택가 월 39,100원",39100,유심,false,5G,전체,https://www.skylife.co.kr/product/mobile/all,2026-05-07T13:23:22.846Z
스카이라이프,5G 모두 충분 70GB+,pl234l656,데이터 70 GB,70GB,"5G • 70GB+최대1Mbps
데이터 기본 70GB를 다 쓰면 최대 1Mbps 속도로 무제한 이용 가능해요",1Mbps,집/이동전화 기본제공,기본제공,"월 48,400원",48400,"혜택가 월 39,100원",39100,유심,false,5G,전체,https://www.skylife.co.kr/product/mobile/all,2026-05-07T13:23:22.846Z
스카이라이프,모두 충분 100GB+(밀리의서재),pl235q977,데이터 100 GB,100GB,"LTE • 100GB+최대5Mbps
데이터 기본 100GB를 다 쓰면 최대 5Mbps 속도로 무제한 이용 가능해요",5Mbps,집/이동전화 기본제공,기본제공,"월 44,000원",44000,"혜택가 월 38,300원",38300,유심,false,LTE,전체,https://www.skylife.co.kr/product/mobile/all,2026-05-07T13:23:22.846Z
스카이라이프,모두 충분 100GB+(CU),pl244n949,데이터 100 GB,100GB,"LTE • 100GB+최대5Mbps
데이터 기본 100GB를 다 쓰면 최대 5Mbps 속도로 무제한 이용 가능해요",5Mbps,집/이동전화 기본제공,기본제공,"월 44,000원",44000,"혜택가 월 38,200원",38200,유심,false,LTE,전체,https://www.skylife.co.kr/product/mobile/all,2026-05-07T13:23:22.846Z
스카이라이프,모두 충분 100GB+(모아진),pl2574888,데이터 100 GB,100GB,"LTE · 100GB+최대 5Mbps
데이터 기본 100GB를 다 쓰면 최대 5Mbps 속도로 무제한 이용이 가능해요",5Mbps,집/이동전화 기본제공,기본제공,"월 44,000원",44000,"혜택가 월 38,200원",38200,유심,false,LTE,전체,https://www.skylife.co.kr/product/mobile/all,2026-05-07T13:23:22.846Z
스카이라이프,5G 모두 충분 50GB+,pl234l659,데이터 50 GB,50GB,"5G • 50GB+최대1Mbps
데이터 기본 50GB를 다 쓰면 최대 1Mbps 속도로 무제한 이용 가능해요",1Mbps,집/이동전화 기본제공,기본제공,"월 46,200원",46200,"혜택가 월 37,900원",37900,유심,false,5G,전체,https://www.skylife.co.kr/product/mobile/all,2026-05-07T13:23:22.846Z
스카이라이프,모두 충분 11GB+(웨이브),pl239f703,데이터 11 GB,11GB,"LTE • 11GB+일2GB+최대3Mbps
데이터 기본 11GB를 다 쓰면 하루 2GB씩 추가 사용이 가능하며 2GB를 다 쓰면 최대 3Mbps 속도로 무제한 이용 가능해요",3Mbps,집/이동전화 기본제공,기본제공,"월 40,700원",40700,"혜택가 월 36,600원",36600,유심,false,LTE,전체,https://www.skylife.co.kr/product/mobile/all,2026-05-07T13:23:22.846Z
스카이라이프,모두 충분 11GB+(요기요),pl225k740,데이터 11 GB,11GB,"LTE • 11GB+일2GB+최대3Mbps
데이터 기본 11GB를 다 쓰면 하루 2GB씩 추가 사용이 가능하며 2GB를 다 쓰면 최대 3Mbps 속도로 무제한 이용 가능해요",3Mbps,집/이동전화 기본제공,기본제공,"월 41,800원",41800,"혜택가 월 36,300원",36300,유심,false,LTE,전체,https://www.skylife.co.kr/product/mobile/all,2026-05-07T13:23:22.846Z
스카이라이프,모두 충분 11GB+(배달의민족),pl225k736,데이터 11 GB,11GB,"LTE • 11GB+일2GB+최대3Mbps
데이터 기본 11GB를 다 쓰면 하루 2GB씩 추가 사용이 가능하며 2GB를 다 쓰면 최대 3Mbps 속도로 무제한 이용 가능해요",3Mbps,집/이동전화 기본제공,기본제공,"월 41,800원",41800,"혜택가 월 36,300원",36300,유심,false,LTE,전체,https://www.skylife.co.kr/product/mobile/all,2026-05-07T13:23:22.846Z
스카이라이프,모두 충분 11GB+(멜론뮤직),pl24ai858,데이터 11 GB,11GB,"LTE • 11GB+일2GB+최대3Mbps
데이터 기본 11GB를 다 쓰면 하루 2GB씩 추가 사용이 가능하며 2GB를 다 쓰면 최대 3Mbps 속도로 무제한 이용 가능해요",3Mbps,집/이동전화 기본제공,기본제공,"월 40,700원",40700,"혜택가 월 36,300원",36300,유심,false,LTE,전체,https://www.skylife.co.kr/product/mobile/all,2026-05-07T13:23:22.846Z
스카이라이프,모두 충분 11GB+(올리브영_5000),pl254t548,데이터 11 GB,11GB,"LTE • 11GB+일2GB+최대3Mbps
데이터 기본 11GB를 다 쓰면 하루 2GB씩 추가 사용이 가능하며 2GB를 다 쓰면 최대 3Mbps 속도로 무제한 이용 가능해요",3Mbps,집/이동전화 기본제공,기본제공,"월 44,000원",44000,"혜택가 월 36,300원",36300,유심,false,LTE,전체,https://www.skylife.co.kr/product/mobile/all,2026-05-07T13:23:22.846Z
스카이라이프,모두 충분 11GB+(다이소_5000),pl254t546,데이터 11 GB,11GB,"LTE • 11GB+일2GB+최대3Mbps
데이터 기본 11GB를 다 쓰면 하루 2GB씩 추가 사용이 가능하며 2GB를 다 쓰면 최대 3Mbps 속도로 무제한 이용 가능해요",3Mbps,집/이동전화 기본제공,기본제공,"월 44,000원",44000,"혜택가 월 36,300원",36300,유심,false,LTE,전체,https://www.skylife.co.kr/product/mobile/all,2026-05-07T13:23:22.846Z
스카이라이프,모두 충분 11.0GB+(기프티쇼),pl227r375,데이터 11 GB,11GB,"LTE • 11GB+일2GB+최대3Mbps
데이터 기본 11GB를 다 쓰면 하루 2GB씩 추가 사용이 가능하며 2GB를 다 쓰면 최대 3Mbps 속도로 무제한 이용 가능해요",3Mbps,집/이동전화 기본제공,기본제공,"월 40,700원",40700,"혜택가 월 36,000원",36000,유심,false,LTE,전체,https://www.skylife.co.kr/product/mobile/all,2026-05-07T13:23:22.846Z
스카이라이프,모두 충분 11GB+(왓챠),pl221o942,데이터 11 GB,11GB,"LTE • 11GB+일2GB+최대3Mbps
데이터 기본 11GB를 다 쓰면 하루 2GB씩 추가 사용이 가능하며 2GB를 다 쓰면 최대 3Mbps 속도로 무제한 이용 가능해요",3Mbps,집/이동전화 기본제공,기본제공,"월 35,900원",35900,,,유심,false,LTE,전체,https://www.skylife.co.kr/product/mobile/all,2026-05-07T13:23:22.846Z
스카이라이프,모두 충분 11.0GB+(지니뮤직),pl222n229,데이터 11 GB,11GB,"LTE • 11GB+일2GB+최대3Mbps
데이터 기본 11GB를 다 쓰면 하루 2GB씩 추가 사용이 가능하며 2GB를 다 쓰면 최대 3Mbps 속도로 무제한 이용 가능해요",3Mbps,집/이동전화 기본제공,기본제공,"월 36,300원",36300,"혜택가 월 35,800원",35800,유심,false,LTE,전체,https://www.skylife.co.kr/product/mobile/all,2026-05-07T13:23:22.846Z
스카이라이프,모두 충분 11GB+(Pay_5000),pl226t134,데이터 11 GB,11GB,"LTE • 11GB+일2GB+최대3Mbps
데이터 기본 11GB를 다 쓰면 하루 2GB씩 추가 사용이 가능하며 2GB를 다 쓰면 최대 3Mbps 속도로 무제한 이용 가능해요",3Mbps,집/이동전화 기본제공,기본제공,"월 40,700원",40700,"혜택가 월 35,300원",35300,유심,false,LTE,전체,https://www.skylife.co.kr/product/mobile/all,2026-05-07T13:23:22.846Z
스카이라이프,모두 충분 11GB+(밀리의서재),pl234l638,데이터 11 GB,11GB,"LTE • 11GB+일2GB+최대3Mbps
데이터 기본 11GB를 다 쓰면 하루 2GB씩 추가 사용이 가능하며 2GB를 다 쓰면 최대 3Mbps 속도로 무제한 이용 가능해요",3Mbps,집/이동전화 기본제공,기본제공,"월 38,500원",38500,"혜택가 월 33,100원",33100,유심,false,LTE,전체,https://www.skylife.co.kr/product/mobile/all,2026-05-07T13:23:22.846Z
스카이라이프,모두 충분 11GB+(후후안심),pl246o442,데이터 11 GB,11GB,"LTE • 11GB+일2GB+최대3Mbps
데이터 기본 11GB를 다 쓰면 하루 2GB씩 추가 사용이 가능하며 2GB를 다 쓰면 최대 3Mbps 속도로 무제한 이용 가능해요",3Mbps,집/이동전화 기본제공,기본제공,"월 38,500원",38500,"혜택가 월 33,000원",33000,유심,false,LTE,전체,https://www.skylife.co.kr/product/mobile/all,2026-05-07T13:23:22.846Z
스카이라이프,모두 충분 11GB+(CU),pl244n954,데이터 11 GB,11GB,"LTE • 11GB+일2GB+최대3Mbps
데이터 기본 11GB를 다 쓰면 하루 2GB씩 추가 사용이 가능하며 2GB를 다 쓰면 최대 3Mbps 속도로 무제한 이용 가능해요",3Mbps,집/이동전화 기본제공,기본제공,"월 38,500원",38500,"혜택가 월 33,000원",33000,유심,false,LTE,전체,https://www.skylife.co.kr/product/mobile/all,2026-05-07T13:23:22.846Z
스카이라이프,모두 충분 11GB+(모아진),pl256c798,데이터 11 GB,11GB,"LTE · 11GB+최대 3Mbps
데이터 기본 11GB를 다 쓰면 하루 2GB씩 추가 사용이 가능하며 2GB를 다 쓰면 최대 3Mbps 속도로 무제한 이용이 가능해요",3Mbps,집/이동전화 기본제공,기본제공,"월 38,500원",38500,"혜택가 월 33,000원",33000,유심,false,LTE,전체,https://www.skylife.co.kr/product/mobile/all,2026-05-07T13:23:22.846Z
스카이라이프,5G 모두 충분 14GB+,pl2544319,데이터 14 GB,14GB,"5G • 14GB+최대1Mbps
데이터 기본 14GB를 다 쓰면 최대 1Mbps 속도로 무제한 이용 가능해요",1Mbps,집/이동전화 기본제공,기본제공,"월 38,500원",38500,"혜택가 월 32,000원",32000,유심,false,5G,전체,https://www.skylife.co.kr/product/mobile/all,2026-05-07T13:23:22.846Z
스카이라이프,5G 통화 충분 30GB,pl231k974,데이터 30 GB,30GB,,,량이 많다면? 통화는 무제한~데이터는 필요한 만큼!,기본제공,"월 35,200원",35200,"혜택가 월 29,900원",29900,유심,false,5G,전체,https://www.skylife.co.kr/product/mobile/all,2026-05-07T13:23:22.846Z
스카이라이프,데이터 충분 15GB+/100분(웨이브),pl2595320,데이터 충분 15GB+/100분(웨이브),15GB,"LTE • 15GB+최대3Mbps
데이터 기본 15GB를 다 쓰면 최대 3Mbps 속도로 무제한 이용 가능해요",3Mbps,집/이동전화 100분,100건,"월 37,400원",37400,"혜택가 월 29,300원",29300,유심,false,5G,전체,https://www.skylife.co.kr/product/mobile/all,2026-05-07T13:23:22.846Z
스카이라이프,데이터 충분 15GB+/100분(지니뮤직),pl2595322,데이터 충분 15GB+/100분(지니뮤직),15GB,"LTE • 15GB+최대3Mbps
데이터 기본 15GB를 다 쓰면 최대 3Mbps 속도로 무제한 이용 가능해요",3Mbps,집/이동전화 100분,100건,"월 36,300원",36300,"혜택가 월 28,800원",28800,유심,false,5G,전체,https://www.skylife.co.kr/product/mobile/all,2026-05-07T13:23:22.846Z
스카이라이프,데이터 충분 15GB+/100분(Pay_5000),pl2595317,데이터 충분 15GB+/100분(Pay_5000),15GB,"LTE • 15GB+최대3Mbps
데이터 기본 15GB를 다 쓰면 최대 3Mbps 속도로 무제한 이용 가능해요",3Mbps,집/이동전화 100분,100건,"월 36,300원",36300,"혜택가 월 27,800원",27800,유심,false,5G,전체,https://www.skylife.co.kr/product/mobile/all,2026-05-07T13:23:22.846Z
스카이라이프,데이터 충분 15GB+/300분(CU),pl247t532,데이터 충분 15GB+/300분(CU),15GB,"LTE • 15GB+최대3Mbps
데이터 기본 15GB를 다 쓰면 최대 3Mbps 속도로 무제한 이용 가능해요",3Mbps,집/이동전화 300분,300건,"월 35,200원",35200,"혜택가 월 27,500원",27500,유심,false,5G,전체,https://www.skylife.co.kr/product/mobile/all,2026-05-07T13:23:22.846Z
스카이라이프,데이터 충분 15GB+/300분,pl2192923,데이터 충분 15GB+/300분,15GB,"LTE • 15GB+최대3Mbps
데이터 기본 15GB를 다 쓰면 최대 3Mbps 속도로 무제한 이용 가능해요",3Mbps,집/이동전화 300분,300건,"월 27,500원",27500,,,유심,false,5G,전체,https://www.skylife.co.kr/product/mobile/all,2026-05-07T13:23:22.846Z
스카이라이프,5G 통화 충분 20GB,pl231k972,데이터 20 GB,20GB,,,량이 많다면? 통화는 무제한~데이터는 필요한 만큼!,기본제공,"월 26,900원",26900,"혜택가 월 25,900원",25900,유심,false,5G,전체,https://www.skylife.co.kr/product/mobile/all,2026-05-07T13:23:22.846Z
스카이라이프,데이터 충분 15GB+/100분(CU),pl244n958,데이터 충분 15GB+/100분(CU),15GB,"LTE • 15GB+최대3Mbps
데이터 기본 15GB를 다 쓰면 최대 3Mbps 속도로 무제한 이용 가능해요",3Mbps,집/이동전화 100분,100건,"월 33,000원",33000,"혜택가 월 25,300원",25300,유심,false,5G,전체,https://www.skylife.co.kr/product/mobile/all,2026-05-07T13:23:22.846Z
스카이라이프,데이터 충분 15GB+/100분(모아진),pl257f930,데이터 충분 15GB+/100분(모아진),15GB,"LTE · 15GB+최대 3Mbps
데이터 기본 15GB를 다 쓰면 최대 3Mbps 속도로 무제한 이용이 가능해요",3Mbps,집/이동전화 100분,100건,"월 33,000원",33000,"혜택가 월 25,300원",25300,유심,false,5G,전체,https://www.skylife.co.kr/product/mobile/all,2026-05-07T13:23:22.846Z
스카이라이프,데이터 충분 15GB+/100분,pl207u859,데이터 충분 15GB+/100분,15GB,"LTE • 15GB+최대3Mbps
데이터 기본 15GB를 다 쓰면 최대 3Mbps 속도로 무제한 이용 가능해요",3Mbps,집/이동전화 100분,100건,"월 49,300원",49300,"혜택가 월 25,300원",25300,유심,false,5G,전체,https://www.skylife.co.kr/product/mobile/all,2026-05-07T13:23:22.846Z
스카이라이프,모두 충분 15GB+(지니뮤직),pl2595323,데이터 15 GB,15GB,"LTE • 15GB+최대1Mbps
데이터 기본 15GB를 다 쓰면 최대 1Mbps 속도로 무제한 이용 가능해요",1Mbps,집/이동전화 기본제공,기본제공,"월 36,300원",36300,"혜택가 월 24,200원",24200,유심,false,5G,전체,https://www.skylife.co.kr/product/mobile/all,2026-05-07T13:23:22.846Z
스카이라이프,모두 충분 15GB+(올리브영_5000),pl2544318,데이터 15 GB,15GB,"LTE • 15GB+최대1Mbps
데이터 기본 15GB를 다 쓰면 최대 1Mbps 속도로 무제한 이용 가능해요",1Mbps,집/이동전화 기본제공,기본제공,"월 33,000원",33000,"혜택가 월 23,700원",23700,유심,false,5G,전체,https://www.skylife.co.kr/product/mobile/all,2026-05-07T13:23:22.846Z
스카이라이프,모두 충분 15GB+(다이소_5000),pl2544315,데이터 15 GB,15GB,"LTE • 15GB+최대1Mbps
데이터 기본 15GB를 다 쓰면 최대 1Mbps 속도로 무제한 이용 가능해요",1Mbps,집/이동전화 기본제공,기본제공,"월 33,000원",33000,"혜택가 월 23,700원",23700,유심,false,5G,전체,https://www.skylife.co.kr/product/mobile/all,2026-05-07T13:23:22.846Z
스카이라이프,모두 충분 15GB+(Pay_5000),pl2595318,데이터 15 GB,15GB,"LTE • 15GB+최대1Mbps
데이터 기본 15GB를 다 쓰면 최대 1Mbps 속도로 무제한 이용 가능해요",1Mbps,집/이동전화 기본제공,기본제공,"월 36,300원",36300,"혜택가 월 23,700원",23700,유심,false,5G,전체,https://www.skylife.co.kr/product/mobile/all,2026-05-07T13:23:22.846Z
스카이라이프,모두 충분 15GB+(CU),pl247t531,데이터 15 GB,15GB,"LTE • 15GB+최대1Mbps
데이터 기본 15GB를 다 쓰면 최대 1Mbps 속도로 무제한 이용 가능해요",1Mbps,집/이동전화 기본제공,기본제공,"월 31,900원",31900,"혜택가 월 21,900원",21900,유심,false,5G,전체,https://www.skylife.co.kr/product/mobile/all,2026-05-07T13:23:22.846Z
스카이라이프,모두 충분 10GB+(지니뮤직),pl2595324,데이터 10 GB,10GB,"LTE • 10GB+최대1Mbps
데이터 기본 10GB를 다 쓰면 최대 1Mbps 속도로 무제한 이용 가능해요",1Mbps,집/이동전화 기본제공,기본제공,"월 30,800원",30800,"혜택가 월 21,700원",21700,유심,false,LTE,전체,https://www.skylife.co.kr/product/mobile/all,2026-05-07T13:23:22.846Z
스카이라이프,모두 충분 15GB+(밀리의서재),pl236m151,데이터 15 GB,15GB,"LTE • 15GB+최대1Mbps
데이터 기본 15GB를 다 쓰면 최대 1Mbps 속도로 무제한 이용 가능해요",1Mbps,집/이동전화 기본제공,기본제공,"월 38,500원",38500,"혜택가 월 21,500원",21500,유심,false,5G,전체,https://www.skylife.co.kr/product/mobile/all,2026-05-07T13:23:22.846Z
스카이라이프,모두 충분 15GB+(모아진),pl2574885,데이터 15 GB,15GB,"LTE • 15GB+최대1Mbps
데이터 기본 15GB를 다 쓰면 최대 1Mbps 속도로 무제한 이용 가능해요",1Mbps,집/이동전화 기본제공,기본제공,"월 38,500원",38500,"혜택가 월 21,400원",21400,유심,false,5G,전체,https://www.skylife.co.kr/product/mobile/all,2026-05-07T13:23:22.846Z
스카이라이프,모두 충분 10GB+(올리브영_5000),pl2544317,데이터 10 GB,10GB,"LTE • 10GB+최대1Mbps
데이터 기본 10GB를 다 쓰면 최대 1Mbps 속도로 무제한 이용 가능해요",1Mbps,집/이동전화 기본제공,기본제공,"월 27,500원",27500,"혜택가 월 21,200원",21200,유심,false,LTE,전체,https://www.skylife.co.kr/product/mobile/all,2026-05-07T13:23:22.846Z
스카이라이프,모두 충분 10GB+(다이소_5000),pl2544314,데이터 10 GB,10GB,"LTE • 10GB+최대1Mbps
데이터 기본 10GB를 다 쓰면 최대 1Mbps 속도로 무제한 이용 가능해요",1Mbps,집/이동전화 기본제공,기본제공,"월 27,500원",27500,"혜택가 월 21,200원",21200,유심,false,LTE,전체,https://www.skylife.co.kr/product/mobile/all,2026-05-07T13:23:22.846Z
스카이라이프,모두 충분 10GB+(Pay_5000),pl2595319,데이터 10 GB,10GB,"LTE • 10GB+최대1Mbps
데이터 기본 10GB를 다 쓰면 최대 1Mbps 속도로 무제한 이용 가능해요",1Mbps,집/이동전화 기본제공,기본제공,"월 30,800원",30800,"혜택가 월 21,200원",21200,유심,false,LTE,전체,https://www.skylife.co.kr/product/mobile/all,2026-05-07T13:23:22.846Z
스카이라이프,모두 충분 15GB+(후후안심),pl246o443,데이터 15 GB,15GB,"LTE • 15GB+최대1Mbps
데이터 기본 15GB를 다 쓰면 최대 1Mbps 속도로 무제한 이용 가능해요",1Mbps,집/이동전화 기본제공,기본제공,"월 28,600원",28600,"혜택가 월 20,900원",20900,유심,false,5G,전체,https://www.skylife.co.kr/product/mobile/all,2026-05-07T13:23:22.846Z
스카이라이프,통화 충분 20GB,pl229s136,데이터 20 GB,20GB,,,충분 20GB,기본제공,"월 24,000원",24000,"혜택가 월 20,100원",20100,유심,false,LTE,전체,https://www.skylife.co.kr/product/mobile/all,2026-05-07T13:23:22.846Z
스카이라이프,모두 충분 10GB+(CU),pl247u570,데이터 10 GB,10GB,"LTE • 10GB+최대1Mbps
데이터 기본 10GB를 다 쓰면 최대 1Mbps 속도로 무제한 이용 가능해요",1Mbps,집/이동전화 기본제공,기본제공,"월 29,700원",29700,"혜택가 월 19,400원",19400,유심,false,LTE,전체,https://www.skylife.co.kr/product/mobile/all,2026-05-07T13:23:22.846Z
스카이라이프,모두 충분 7GB+(지니뮤직),pl223s412,데이터 7 GB,7GB,"LTE • 7GB+최대1Mbps
데이터 기본 7GB를 다 쓰면 최대 1Mbps 속도로 무제한 이용 가능해요",1Mbps,집/이동전화 기본제공,기본제공,"월 24,900원",24900,"혜택가 월 19,000원",19000,유심,false,LTE,전체,https://www.skylife.co.kr/product/mobile/all,2026-05-07T13:23:22.846Z
스카이라이프,모두 충분 10GB+(밀리의서재),pl236m154,데이터 10 GB,10GB,"LTE • 10GB+최대1Mbps
데이터 기본 10GB를 다 쓰면 최대 1Mbps 속도로 무제한 이용 가능해요",1Mbps,집/이동전화 기본제공,기본제공,"월 36,000원",36000,"혜택가 월 19,000원",19000,유심,false,LTE,전체,https://www.skylife.co.kr/product/mobile/all,2026-05-07T13:23:22.846Z
스카이라이프,모두 충분 10GB+(모아진),pl2574886,데이터 10 GB,10GB,"LTE • 10GB+최대1Mbps+최대1Mbps
데이터 기본 10GB를 다 쓰면 최대 1Mbps 속도로 무제한 이용 가능해요",1Mbps,집/이동전화 기본제공,기본제공,"월 36,000원",36000,"혜택가 월 18,900원",18900,유심,false,LTE,전체,https://www.skylife.co.kr/product/mobile/all,2026-05-07T13:23:22.846Z
스카이라이프,모두 충분 7GB+(올리브영_5000),pl2544316,데이터 7 GB,7GB,"LTE • 7GB+최대1Mbps
데이터 기본 7GB를 다 쓰면 최대 1Mbps 속도로 무제한 이용 가능해요",1Mbps,집/이동전화 기본제공,기본제공,"월 22,000원",22000,"혜택가 월 18,500원",18500,유심,false,LTE,전체,https://www.skylife.co.kr/product/mobile/all,2026-05-07T13:23:22.846Z
스카이라이프,모두 충분 7GB+(Pay_5000),pl238p572,데이터 7 GB,7GB,"LTE • 7GB+최대1Mbps
데이터 기본 7GB를 다 쓰면 최대 1Mbps 속도로 무제한 이용 가능해요",1Mbps,집/이동전화 기본제공,기본제공,"월 24,900원",24900,"혜택가 월 18,500원",18500,유심,false,LTE,전체,https://www.skylife.co.kr/product/mobile/all,2026-05-07T13:23:22.846Z
스카이라이프,모두 충분 7GB+(다이소_5000),pl2544313,데이터 7 GB,7GB,"LTE • 7GB+최대1Mbps
데이터 기본 7GB를 다 쓰면 최대 1Mbps 속도로 무제한 이용 가능해요",1Mbps,집/이동전화 기본제공,기본제공,"월 22,000원",22000,"혜택가 월 18,500원",18500,유심,false,LTE,전체,https://www.skylife.co.kr/product/mobile/all,2026-05-07T13:23:22.846Z
스카이라이프,모두 충분 10GB+,pl22cm732,데이터 10 GB,10GB,"LTE • 10GB+최대400kbps
데이터 기본 10GB를 다 쓰면 최대 400kbps 속도로 무제한 이용 가능해요",400kbps,집/이동전화 기본제공,기본제공,"월 18,900원",18900,"혜택가 월 17,900원",17900,유심,false,LTE,전체,https://www.skylife.co.kr/product/mobile/all,2026-05-07T13:23:22.846Z
스카이라이프,모두 충분 7GB+(Pay_3000),pl248r697,데이터 7 GB,7GB,"LTE • 7GB+최대1Mbps
데이터 기본 7GB를 다 쓰면 최대 1Mbps 속도로 무제한 이용 가능해요",1Mbps,집/이동전화 기본제공,기본제공,"월 24,200원",24200,"혜택가 월 17,600원",17600,유심,false,LTE,전체,https://www.skylife.co.kr/product/mobile/all,2026-05-07T13:23:22.846Z
스카이라이프,통화 충분 15GB,pl229s135,데이터 15 GB,15GB,,,충분 15GB,기본제공,"월 19,500원",19500,"혜택가 월 16,900원",16900,유심,false,5G,전체,https://www.skylife.co.kr/product/mobile/all,2026-05-07T13:23:22.846Z
스카이라이프,모두 충분 7GB+(밀리의서재),pl235q985,데이터 7 GB,7GB,"LTE • 7GB+최대1Mbps
데이터 기본 7GB를 다 쓰면 최대 1Mbps 속도로 무제한 이용 가능해요",1Mbps,집/이동전화 기본제공,기본제공,"월 22,000원",22000,"혜택가 월 16,300원",16300,유심,false,LTE,전체,https://www.skylife.co.kr/product/mobile/all,2026-05-07T13:23:22.846Z
스카이라이프,모두 충분 7GB+(후후안심),pl246o441,데이터 7 GB,7GB,"LTE • 7GB+최대1Mbps
데이터 기본 7GB를 다 쓰면 최대 1Mbps 속도로 무제한 이용 가능해요",1Mbps,집/이동전화 기본제공,기본제공,"월 24,200원",24200,"혜택가 월 16,200원",16200,유심,false,LTE,전체,https://www.skylife.co.kr/product/mobile/all,2026-05-07T13:23:22.846Z
스카이라이프,스쿨 7GB+(밀리의 서재),pl237i261,데이터 7 GB,7GB,"LTE • 7GB+최대1Mbps
데이터 기본 7GB를 다 쓰면 최대 1Mbps 속도로 무제한 이용 가능해요",1Mbps,집/이동전화 기본제공,기본제공,"월 19,800원",19800,"혜택가 월 16,200원",16200,유심,false,LTE,전체,https://www.skylife.co.kr/product/mobile/all,2026-05-07T13:23:22.846Z
스카이라이프,모두 충분 7GB+(모아진),pl259C345,데이터 7 GB,7GB,"LTE • 7GB+최대1Mbps
데이터 기본 7GB를 다 쓰면 최대 1Mbps 속도로 무제한 이용 가능해요",1Mbps,집/이동전화 기본제공,기본제공,"월 22,000원",22000,"혜택가 월 16,200원",16200,유심,false,LTE,전체,https://www.skylife.co.kr/product/mobile/all,2026-05-07T13:23:22.846Z
스카이라이프,모두 충분 6GB+,pl22bs577,데이터 6 GB,6GB,"LTE • 6GB+최대400kbps
데이터 기본 6GB를 다 쓰면 최대 400kbps 속도로 무제한 이용 가능해요",400kbps,집/이동전화 기본제공,기본제공,"월 14,900원",14900,,,유심,false,LTE,전체,https://www.skylife.co.kr/product/mobile/all,2026-05-07T13:23:22.846Z
스카이라이프,5G 통화 충분 10GB,pl261t211,데이터 10 GB,10GB,,,량이 많다면? 통화는 무제한~ 데이터는 필요한 만큼!,기본제공,"월 20,900원",20900,"혜택가 월 14,900원",14900,유심,false,5G,전체,https://www.skylife.co.kr/product/mobile/all,2026-05-07T13:23:22.846Z
스카이라이프,스쿨 8GB+,pl226k883,데이터 8 GB,8GB,"LTE • 8GB+최대400kbps
데이터 기본 8GB를 다 쓰면 최대 400kbps 속도로 무제한 이용 가능해요",400kbps,집/이동전화 기본제공,기본제공,"월 17,000원",17000,"혜택가 월 14,900원",14900,유심,false,LTE,전체,https://www.skylife.co.kr/product/mobile/all,2026-05-07T13:23:22.846Z
스카이라이프,데이터 충분 5GB+/100분,pl2192921,데이터 충분 5GB+/100분,5GB,"LTE • 5GB+최대1Mbps
데이터 기본 5GB를 다 쓰면 최대 1Mbps 속도로 무제한 이용 가능해요",1Mbps,집/이동전화 100분,100건,"월 14,300원",14300,,,유심,false,5G,전체,https://www.skylife.co.kr/product/mobile/all,2026-05-07T13:23:22.846Z
스카이라이프,스마트 데이터 충분 20GB+,pl211r746,데이터 20 GB,20GB,"LTE • 20GB(기본제공량 안에 최대10Mbps제어)+최대200Kbps
데이터 기본 20GB를 다 쓰면 최대 200Kbps 속도로 무제한 이용 가능해요",10Mbps,집/이동전화 0분,0건,"월 24,000원",24000,"혜택가 월 14,100원",14100,유심,false,LTE,전체,https://www.skylife.co.kr/product/mobile/all,2026-05-07T13:23:22.846Z
스카이라이프,통화 충분 10GB,pl229s134,데이터 10 GB,10GB,,,충분 10GB,기본제공,"월 14,900원",14900,"혜택가 월 13,900원",13900,유심,false,LTE,전체,https://www.skylife.co.kr/product/mobile/all,2026-05-07T13:23:22.846Z
스카이라이프,골드 8.0GB+,pl21cm686,데이터 8 GB,8GB,"LTE •8GB+최대1Mbps
데이터 기본 8GB를 다 쓰면 최대 1Mbps 속도로 무제한 이용 가능해요",1Mbps,집/이동전화 기본제공,기본제공,"월 14,900원",14900,"혜택가 월 13,900원",13900,유심,false,LTE,전체,https://www.skylife.co.kr/product/mobile/all,2026-05-07T13:23:22.846Z
스카이라이프,모두 충분 4.5GB+,pl22bs576,데이터 4.5 GB,4.5GB,"LTE • 4.5GB+최대400kbps
데이터 기본 4.5GB를 다 쓰면 최대 400kbps 속도로 무제한 이용 가능해요",400kbps,집/이동전화 기본제공,기본제공,"월 13,200원",13200,,,유심,false,5G,전체,https://www.skylife.co.kr/product/mobile/all,2026-05-07T13:23:22.846Z
스카이라이프,SOS 스쿨 4GB+,pl234d619,데이터 4 GB,4GB,"LTE • 4GB+최대400kbps
데이터 기본 4GB를 다 쓰면 최대 400kbps 속도로 무제한 이용 가능해요",400kbps,집/이동전화 기본제공,기본제공,"월 17,600원",17600,"혜택가 월 13,100원",13100,유심,false,LTE,전체,https://www.skylife.co.kr/product/mobile/all,2026-05-07T13:23:22.846Z
스카이라이프,SOS 안심 골드 4GB+,pl234d616,데이터 4 GB,4GB,"LTE • 4GB+최대1Mbps
데이터 기본 4GB를 다 쓰면 최대 1Mbps 속도로 무제한 이용 가능해요",1Mbps,집/이동전화 기본제공,기본제공,"월 16,500원",16500,"혜택가 월 12,100원",12100,유심,false,LTE,전체,https://www.skylife.co.kr/product/mobile/all,2026-05-07T13:23:22.846Z
스카이라이프,5G 통화 충분 6GB,pl261t209,데이터 6 GB,6GB,,,량이 많다면? 통화는 무제한~ 데이터는 필요한 만큼!,기본제공,"월 17,900원",17900,"혜택가 월 11,900원",11900,유심,false,5G,전체,https://www.skylife.co.kr/product/mobile/all,2026-05-07T13:23:22.846Z
스카이라이프,모두 충분 2.5GB+,pl208r108,데이터 2.5 GB,2.5GB,"LTE • 2.5GB+최대400kbps
데이터 기본 2.5GB를 다 쓰면 최대 400kbps 속도로 무제한 이용 가능해요",400kbps,집/이동전화 기본제공,기본제공,"월 49,500원",49500,"혜택가 월 11,800원",11800,유심,false,5G,전체,https://www.skylife.co.kr/product/mobile/all,2026-05-07T13:23:22.846Z
스카이라이프,데이터 충분 2.2GB+/100분,pl2192922,데이터 충분 2.2GB+/100분,2.2GB,"LTE • 2.2GB+최대1Mbps
데이터 기본 2.2GB를 다 쓰면 최대 1Mbps 속도로 무제한 이용 가능해요",1Mbps,집/이동전화 100분,100건,"월 11,700원",11700,,,유심,false,LTE,전체,https://www.skylife.co.kr/product/mobile/all,2026-05-07T13:23:22.846Z
스카이라이프,SOS 스쿨 2GB+,pl234d618,데이터 2 GB,2GB,"LTE • 2GB+최대400kbps
데이터 기본 2GB를 다 쓰면 최대 400kbps 속도로 무제한 이용 가능해요",400kbps,집/이동전화 기본제공,기본제공,"월 15,400원",15400,"혜택가 월 11,100원",11100,유심,false,LTE,전체,https://www.skylife.co.kr/product/mobile/all,2026-05-07T13:23:22.846Z
스카이라이프,통화 충분 6.5GB,pl22bs573,데이터 6.5 GB,6.5GB,,,충분 6.5GB,기본제공,"월 11,900원",11900,"혜택가 월 10,900원",10900,유심,false,5G,전체,https://www.skylife.co.kr/product/mobile/all,2026-05-07T13:23:22.846Z
스카이라이프,스쿨 4GB+,pl226k882,데이터 4 GB,4GB,"LTE • 4GB+최대400kbps
데이터 기본 4GB를 다 쓰면 최대 400kbps 속도로 무제한 이용 가능해요",400kbps,집/이동전화 기본제공,기본제공,"월 13,000원",13000,"혜택가 월 10,900원",10900,유심,false,LTE,전체,https://www.skylife.co.kr/product/mobile/all,2026-05-07T13:23:22.846Z
스카이라이프,5G 슬림 10GB/200분,pl261t206,데이터 10 GB,10GB,,,집/이동전화 200분,100건,"월 17,900원",17900,"혜택가 월 10,900원",10900,유심,false,5G,전체,https://www.skylife.co.kr/product/mobile/all,2026-05-07T13:23:22.846Z
스카이라이프,스마트 데이터 충분 10GB+,pl211p742,데이터 10 GB,10GB,"LTE • 10GB(기본제공량 안에 최대10Mbps제어)+최대200Kbps
데이터 기본 10GB를 다 쓰면 최대 200Kbps 속도로 무제한 이용 가능해요",10Mbps,집/이동전화 0분,0건,"월 16,300원",16300,"혜택가 월 10,800원",10800,유심,false,LTE,전체,https://www.skylife.co.kr/product/mobile/all,2026-05-07T13:23:22.846Z
스카이라이프,안심 골드 4GB+,pl225k719,데이터 4 GB,4GB,"LTE • 4GB+최대1Mbps
데이터 기본 4GB를 다 쓰면 최대 1Mbps 속도로 무제한 이용 가능해요",1Mbps,집/이동전화 기본제공,기본제공,"월 14,300원",14300,"혜택가 월 9,900원",9900,유심,false,LTE,전체,https://www.skylife.co.kr/product/mobile/all,2026-05-07T13:23:22.846Z
스카이라이프,골드 4.0GB+,pl21cm681,데이터 4 GB,4GB,"LTE • 4GB+최대1Mbps
데이터 기본 4GB를 다 쓰면 최대 1Mbps 속도로 무제한 이용 가능해요",1Mbps,집/이동전화 기본제공,기본제공,"월 10,900원",10900,"혜택가 월 9,900원",9900,유심,false,LTE,전체,https://www.skylife.co.kr/product/mobile/all,2026-05-07T13:23:22.846Z
스카이라이프,SOS 안심 골드 2GB+,pl234d628,데이터 2 GB,2GB,"LTE • 2GB+최대400kbps
데이터 기본 2GB를 다 쓰면 최대 400kbps 속도로 무제한 이용 가능해요",400kbps,집/이동전화 기본제공,기본제공,"월 14,300원",14300,"혜택가 월 9,600원",9600,유심,false,LTE,전체,https://www.skylife.co.kr/product/mobile/all,2026-05-07T13:23:22.846Z
스카이라이프,5G 통화 충분 3GB,pl261t208,데이터 3 GB,3GB,,,량이 많다면? 통화는 무제한~ 데이터는 필요한 만큼!,기본제공,"월 14,900원",14900,"혜택가 월 8,900원",8900,유심,false,5G,전체,https://www.skylife.co.kr/product/mobile/all,2026-05-07T13:23:22.846Z
스카이라이프,통화 충분 4.5GB,pl209o191,데이터 4.5 GB,4.5GB,,,충분 4.5GB,기본제공,"월 42,900원",42900,"혜택가 월 8,850원",8850,유심,false,5G,전체,https://www.skylife.co.kr/product/mobile/all,2026-05-07T13:23:22.846Z
스카이라이프,통화 충분 2.5GB,pl208r986,데이터 2.5 GB,2.5GB,,,충분 2.5GB,기본제공,"월 42,900원",42900,"혜택가 월 7,700원",7700,유심,false,5G,전체,https://www.skylife.co.kr/product/mobile/all,2026-05-07T13:23:22.846Z
스카이라이프,안심 골드 2GB+,pl225k718,데이터 2 GB,2GB,"LTE • 2GB+최대400kbps
데이터 기본 2GB를 다 쓰면 최대 400kbps 속도로 무제한 이용 가능해요",400kbps,집/이동전화 기본제공,기본제공,"월 11,000원",11000,"혜택가 월 7,400원",7400,유심,false,LTE,전체,https://www.skylife.co.kr/product/mobile/all,2026-05-07T13:23:22.846Z
스카이라이프,모두 충분 1.5GB+,pl22bs575,데이터 1.5 GB,1.5GB,"LTE • 1.5GB+최대400kbps
데이터 기본 1.5GB를 다 쓰면 최대 400kbps 속도로 무제한 이용 가능해요",400kbps,집/이동전화 기본제공,기본제공,"월 9,900원",9900,"혜택가 월 6,900원",6900,유심,false,5G,전체,https://www.skylife.co.kr/product/mobile/all,2026-05-07T13:23:22.846Z
스카이라이프,통화 충분 1.5GB,pl209o190,데이터 1.5 GB,1.5GB,,,충분 1.5GB,기본제공,"월 35,200원",35200,"혜택가 월 6,600원",6600,유심,false,5G,전체,https://www.skylife.co.kr/product/mobile/all,2026-05-07T13:23:22.846Z
스카이라이프,웨어러블 Watch,pl228q693,데이터 250 MB,250MB,,,집/이동전화 50분,250건,"월 6,600원",6600,,,유심,false,LTE,전체,https://www.skylife.co.kr/product/mobile/all,2026-05-07T13:23:22.846Z
스카이라이프,스쿨 2GB+,pl226k881,데이터 2 GB,2GB,"LTE • 2GB+최대400kbps
데이터 기본 2GB를 다 쓰면 최대 400kbps 속도로 무제한 이용 가능해요",400kbps,집/이동전화 기본제공,기본제공,"월 11,000원",11000,"혜택가 월 6,400원",6400,유심,false,LTE,전체,https://www.skylife.co.kr/product/mobile/all,2026-05-07T13:23:22.846Z
스카이라이프,슬림 3GB/300분,pl227s455,데이터 3 GB,3GB,,,집/이동전화 300분,300건,"월 13,200원",13200,"혜택가 월 5,900원",5900,유심,false,LTE,전체,https://www.skylife.co.kr/product/mobile/all,2026-05-07T13:23:22.846Z
스카이라이프,골드 500MB+,pl207r829,데이터 500 MB,500MB,,,집/이동전화 300분,300건,"월 5,900원",5900,,,유심,false,LTE,전체,https://www.skylife.co.kr/product/mobile/all,2026-05-07T13:23:22.846Z
스카이라이프,골드 2GB+,pl207r830,데이터 2 GB,2GB,"LTE • 2GB+최대400kbps
데이터 기본 2GB를 다 쓰면 최대 400kbps 속도로 무제한 이용 가능해요",400kbps,집/이동전화 기본제공,기본제공,"월 8,900원",8900,"혜택가 월 5,900원",5900,유심,false,LTE,전체,https://www.skylife.co.kr/product/mobile/all,2026-05-07T13:23:22.846Z
스카이라이프,슬림 2GB/200분,pl227s454,데이터 2 GB,2GB,,,집/이동전화 200분,200건,"월 11,000원",11000,"혜택가 월 4,900원",4900,유심,false,LTE,전체,https://www.skylife.co.kr/product/mobile/all,2026-05-07T13:23:22.846Z
스카이라이프,슬림 1.5GB/150분,pl227s453,데이터 1.5 GB,1.5GB,,,집/이동전화 150분,150건,"월 9,900원",9900,"혜택가 월 3,900원",3900,유심,false,5G,전체,https://www.skylife.co.kr/product/mobile/all,2026-05-07T13:23:22.846Z
스카이라이프,복지전용 슬림 1GB/150분,pl237i258,데이터 1 GB,1GB,,,집/이동전화 150분,100건,"월 3,500원",3500,,,유심,false,LTE,전체,https://www.skylife.co.kr/product/mobile/all,2026-05-07T13:23:22.846Z
스카이라이프,슬림 1GB/100분,pl227s452,데이터 1 GB,1GB,,,집/이동전화 100분,100건,"월 7,700원",7700,"혜택가 월 2,900원",2900,유심,false,LTE,전체,https://www.skylife.co.kr/product/mobile/all,2026-05-07T13:23:22.846Z
우리WON모바일,우리WON LTE 500MB/50분,PD00006021,500MB,500MB,,,50분,50건,"월 2,100원",2100,,,유심,false,LTE,01,https://www.wooriwonmobile.com/rate-plan/list,2026-05-07T13:30:33.602Z
우리WON모바일,우리 삼성월렛머니 5G 125GB+,PD00006015,125GB+5Mbps,125GB+5Mbps,125GB+5Mbps,5Mbps,기본제공,기본제공,"월 41,000원",41000,,,유심,false,5G,02,https://www.wooriwonmobile.com/rate-plan/list,2026-05-07T13:30:33.603Z
우리WON모바일,우리 삼성월렛머니 5G 50GB+,PD00006016,50GB+1Mbps,50GB+1Mbps,50GB+1Mbps,1Mbps,기본제공,기본제공,"월 36,800원",36800,,,유심,false,5G,02,https://www.wooriwonmobile.com/rate-plan/list,2026-05-07T13:30:33.603Z
우리WON모바일,우리 삼성월렛머니 100GB+,PD00006017,100GB+5Mbps,100GB+5Mbps,100GB+5Mbps,5Mbps,기본제공,기본제공,"월 36,900원",36900,,,유심,false,LTE,01,https://www.wooriwonmobile.com/rate-plan/list,2026-05-07T13:30:33.603Z
우리WON모바일,우리 삼성월렛머니 71GB+,PD00006018,11GB+일2GB+3Mbps,71GB+3Mbps,11GB+일2GB+3Mbps,3Mbps,기본제공,기본제공,"월 31,900원",31900,,,유심,false,LTE,01,https://www.wooriwonmobile.com/rate-plan/list,2026-05-07T13:30:33.603Z
우리WON모바일,우리 삼성월렛머니 15GB+,PD00006019,15GB+1Mbps,15GB+1Mbps,15GB+1Mbps,1Mbps,기본제공,기본제공,"월 20,200원",20200,,,유심,false,5G,01,https://www.wooriwonmobile.com/rate-plan/list,2026-05-07T13:30:33.603Z
우리WON모바일,우리WON 더블쿠폰 5G 125GB+,PD00006007,125GB+5Mbps,125GB,125GB+5Mbps,5Mbps,기본제공,기본제공,"월 44,600원",44600,,,유심,false,5G,13,https://www.wooriwonmobile.com/rate-plan/list,2026-05-07T13:30:33.603Z
우리WON모바일,우리WON 더블쿠폰 5G 50GB+,PD00006013,50GB+1Mbps,50GB,50GB+1Mbps,1Mbps,기본제공,기본제공,"월 40,400원",40400,,,유심,false,5G,13,https://www.wooriwonmobile.com/rate-plan/list,2026-05-07T13:30:33.603Z
우리WON모바일,우리WON 더블쿠폰 LTE 100GB+,PD00006009,100GB+5Mbps,100GB,100GB+5Mbps,5Mbps,기본제공,기본제공,"월 40,500원",40500,,,유심,false,LTE,13,https://www.wooriwonmobile.com/rate-plan/list,2026-05-07T13:30:33.603Z
우리WON모바일,우리WON 더블쿠폰 LTE 71GB+,PD00006010,11GB+일2GB+3Mbps,71GB+3Mbps,11GB+일2GB+3Mbps,3Mbps,기본제공,기본제공,"월 35,500원",35500,,,유심,false,LTE,13,https://www.wooriwonmobile.com/rate-plan/list,2026-05-07T13:30:33.603Z
우리WON모바일,우리WON 더블쿠폰 LTE 15GB+,PD00006011,15GB+1Mbps,15GB,15GB+1Mbps,1Mbps,기본제공,기본제공,"월 22,700원",22700,,,유심,false,5G,13,https://www.wooriwonmobile.com/rate-plan/list,2026-05-07T13:30:33.603Z
우리WON모바일,우리WON 청년드림 5G 125GB+,PD00006005,125GB+5Mbps,125GB+5Mbps,125GB+5Mbps,5Mbps,기본제공,기본제공,"월 38,900원",38900,,,유심,false,5G,12,https://www.wooriwonmobile.com/rate-plan/list,2026-05-07T13:30:33.603Z
우리WON모바일,우리WON 청년드림 5G 50GB+,PD00006006,50GB+1Mbps,50GB+1Mbps,50GB+1Mbps,1Mbps,기본제공,기본제공,"월 34,700원",34700,,,유심,false,5G,12,https://www.wooriwonmobile.com/rate-plan/list,2026-05-07T13:30:33.603Z
우리WON모바일,우리WON 청년드림 100GB+,PD00006003,100GB+5Mbps,100GB+5Mbps,100GB+5Mbps,5Mbps,기본제공,기본제공,"월 35,700원",35700,,,유심,false,LTE,12,https://www.wooriwonmobile.com/rate-plan/list,2026-05-07T13:30:33.603Z
우리WON모바일,우리WON 청년드림 71GB+,PD00006001,11GB+일2GB+3Mbps,71GB+3Mbps,11GB+일2GB+3Mbps,3Mbps,기본제공,기본제공,"월 29,700원",29700,,,유심,false,LTE,12,https://www.wooriwonmobile.com/rate-plan/list,2026-05-07T13:30:33.603Z
우리WON모바일,우리WON 청년드림 15GB+,PD00006004,15GB+1Mbps,15GB+1Mbps,15GB+1Mbps,1Mbps,기본제공,기본제공,"월 18,800원",18800,,,유심,false,5G,12,https://www.wooriwonmobile.com/rate-plan/list,2026-05-07T13:30:33.603Z
우리WON모바일,우리WON 청년드림 5GB+,PD00006002,5GB+1Mbps,5GB+1Mbps,5GB+1Mbps,1Mbps,기본제공,기본제공,"월 10,700원",10700,,,유심,false,5G,12,https://www.wooriwonmobile.com/rate-plan/list,2026-05-07T13:30:33.603Z
우리WON모바일,우리WON 직장인 5G 125GB+,PD00000075,125GB+5Mbps,125GB+5Mbps,125GB+5Mbps,5Mbps,기본제공,기본제공,"월 42,100원",42100,,,유심,false,5G,11,https://www.wooriwonmobile.com/rate-plan/list,2026-05-07T13:30:33.603Z
우리WON모바일,우리WON 직장인 5G 50GB+,PD00000076,50GB+1Mbps,50GB+1Mbps,50GB+1Mbps,1Mbps,기본제공,기본제공,"월 37,900원",37900,,,유심,false,5G,11,https://www.wooriwonmobile.com/rate-plan/list,2026-05-07T13:30:33.603Z
우리WON모바일,우리WON 직장인 LTE 71GB+,PD00000077,11GB+일2GB+3Mbps,71GB+3Mbps,11GB+일2GB+3Mbps,3Mbps,기본제공,기본제공,"월 33,000원",33000,,,유심,false,LTE,11,https://www.wooriwonmobile.com/rate-plan/list,2026-05-07T13:30:33.603Z
우리WON모바일,우리WON 직장인 LTE 15GB+,PD00000078,15GB+1Mbps,15GB+1Mbps,15GB+1Mbps,1Mbps,기본제공,기본제공,"월 20,900원",20900,,,유심,false,5G,11,https://www.wooriwonmobile.com/rate-plan/list,2026-05-07T13:30:33.603Z
우리WON모바일,우리WON 직장인 LTE 10GB+,PD00000079,10GB+1Mbps,10GB+1Mbps,10GB+1Mbps,1Mbps,기본제공,기본제공,"월 19,100원",19100,,,유심,false,LTE,11,https://www.wooriwonmobile.com/rate-plan/list,2026-05-07T13:30:33.603Z
우리WON모바일,우리WON 직장인 LTE 7GB+,PD00000080,7GB+1Mbps,7GB+1Mbps,7GB+1Mbps,1Mbps,기본제공,기본제공,"월 16,900원",16900,,,유심,false,LTE,11,https://www.wooriwonmobile.com/rate-plan/list,2026-05-07T13:30:33.603Z
우리WON모바일,우리WON 직장인 LTE 3GB+,PD00000081,3GB+1Mbps,3GB+1Mbps,3GB+1Mbps,1Mbps,기본제공,기본제공,"월 10,900원",10900,,,유심,false,LTE,11,https://www.wooriwonmobile.com/rate-plan/list,2026-05-07T13:30:33.603Z
우리WON모바일,우리WON 직장인 LTE 1GB+,PD00000082,1GB+1Mbps,1GB+1Mbps,1GB+1Mbps,1Mbps,기본제공,기본제공,"월 9,900원",9900,,,유심,false,LTE,11,https://www.wooriwonmobile.com/rate-plan/list,2026-05-07T13:30:33.603Z
우리WON모바일,유독 플러스 100GB+,PD00000071,100GB+5Mbps,100GB+5Mbps,100GB+5Mbps,5Mbps,기본제공,기본제공,"월 40,500원",40500,,,유심,false,LTE,10,https://www.wooriwonmobile.com/rate-plan/list,2026-05-07T13:30:33.603Z
우리WON모바일,유독 플러스 71GB+,PD00000072,11GB+일2GB+3Mbps,71GB+3Mbps,11GB+일2GB+3Mbps,3Mbps,기본제공,기본제공,"월 35,000원",35000,,,유심,false,LTE,10,https://www.wooriwonmobile.com/rate-plan/list,2026-05-07T13:30:33.603Z
우리WON모바일,유독 플러스 15GB+,PD00000073,15GB+1Mbps,15GB+1Mbps,15GB+1Mbps,1Mbps,기본제공,기본제공,"월 22,900원",22900,,,유심,false,5G,10,https://www.wooriwonmobile.com/rate-plan/list,2026-05-07T13:30:33.603Z
우리WON모바일,유독 플러스 7GB+,PD00000074,7GB+1Mbps,7GB+1Mbps,7GB+1Mbps,1Mbps,기본제공,기본제공,"월 18,900원",18900,,,유심,false,LTE,10,https://www.wooriwonmobile.com/rate-plan/list,2026-05-07T13:30:33.603Z
우리WON모바일,우리WON 5G 125GB+,PD00000013,125GB+5Mbps,125GB+5Mbps,125GB+5Mbps,5Mbps,기본제공,기본제공,"월 42,100원",42100,,,유심,false,5G,02,https://www.wooriwonmobile.com/rate-plan/list,2026-05-07T13:30:33.603Z
우리WON모바일,우리WON 5G 50GB+,PD00000014,50GB+1Mbps,50GB+1Mbps,50GB+1Mbps,1Mbps,기본제공,기본제공,"월 37,900원",37900,,,유심,false,5G,02,https://www.wooriwonmobile.com/rate-plan/list,2026-05-07T13:30:33.603Z
우리WON모바일,우리WON 5G 11GB,PD00005803,11GB,11GB,,,기본제공,기본제공,"월 15,900원",15900,,,유심,false,5G,전체,https://www.wooriwonmobile.com/rate-plan/list,2026-05-07T13:30:33.603Z
우리WON모바일,우리WON 5G 8GB,PD00005802,8GB,8GB,,,기본제공,기본제공,"월 12,900원",12900,,,유심,false,5G,전체,https://www.wooriwonmobile.com/rate-plan/list,2026-05-07T13:30:33.603Z
우리WON모바일,우리WON 5G 4GB,PD00005801,4GB,4GB,,,기본제공,기본제공,"월 8,900원",8900,,,유심,false,5G,전체,https://www.wooriwonmobile.com/rate-plan/list,2026-05-07T13:30:33.603Z
우리WON모바일,우리WON 5G 6GB,PD00000016,6GB,6GB,,,기본제공,기본제공,"월 10,900원",10900,,,유심,false,5G,02,https://www.wooriwonmobile.com/rate-plan/list,2026-05-07T13:30:33.603Z
우리WON모바일,우리WON LTE 100GB+,PD00000001,100GB+5Mbps,100GB+5Mbps,100GB+5Mbps,5Mbps,기본제공,기본제공,"월 39,000원",39000,,,유심,false,LTE,01,https://www.wooriwonmobile.com/rate-plan/list,2026-05-07T13:30:33.603Z
우리WON모바일,우리WON LTE 71GB+,PD00000002,11GB+일2GB+3Mbps,71GB+3Mbps,11GB+일2GB+3Mbps,3Mbps,기본제공,기본제공,"월 33,000원",33000,,,유심,false,LTE,01,https://www.wooriwonmobile.com/rate-plan/list,2026-05-07T13:30:33.603Z
우리WON모바일,우리WON LTE 15GB+,PD00000003,15GB+1Mbps,15GB+1Mbps,15GB+1Mbps,1Mbps,기본제공,기본제공,"월 20,900원",20900,,,유심,false,5G,01,https://www.wooriwonmobile.com/rate-plan/list,2026-05-07T13:30:33.603Z
우리WON모바일,우리WON LTE 10GB+,PD00000004,10GB+1Mbps,10GB+1Mbps,10GB+1Mbps,1Mbps,기본제공,기본제공,"월 19,100원",19100,,,유심,false,LTE,01,https://www.wooriwonmobile.com/rate-plan/list,2026-05-07T13:30:33.603Z
우리WON모바일,우리WON LTE 7GB+,PD00000005,7GB+1Mbps,7GB+1Mbps,7GB+1Mbps,1Mbps,기본제공,기본제공,"월 16,900원",16900,,,유심,false,LTE,01,https://www.wooriwonmobile.com/rate-plan/list,2026-05-07T13:30:33.603Z
우리WON모바일,우리WON LTE 5GB+,PD00000006,5GB+1Mbps,5GB+1Mbps,5GB+1Mbps,1Mbps,기본제공,기본제공,"월 12,900원",12900,,,유심,false,5G,01,https://www.wooriwonmobile.com/rate-plan/list,2026-05-07T13:30:33.603Z
우리WON모바일,우리WON LTE 3GB+,PD00000007,3GB+1Mbps,3GB+1Mbps,3GB+1Mbps,1Mbps,기본제공,기본제공,"월 10,900원",10900,,,유심,false,LTE,01,https://www.wooriwonmobile.com/rate-plan/list,2026-05-07T13:30:33.603Z
우리WON모바일,우리WON LTE 1GB+,PD00000008,1GB+1Mbps,1GB+1Mbps,1GB+1Mbps,1Mbps,기본제공,기본제공,"월 9,900원",9900,,,유심,false,LTE,01,https://www.wooriwonmobile.com/rate-plan/list,2026-05-07T13:30:33.603Z
우리WON모바일,우리WON LTE 3GB,PD00000011,3GB,3GB,,,기본제공,기본제공,"월 7,900원",7900,,,유심,false,LTE,01,https://www.wooriwonmobile.com/rate-plan/list,2026-05-07T13:30:33.603Z
우리WON모바일,우리WON LTE 1GB,PD00000012,1GB,1GB,,,기본제공,기본제공,"월 6,900원",6900,,,유심,false,LTE,01,https://www.wooriwonmobile.com/rate-plan/list,2026-05-07T13:30:33.603Z
우리WON모바일,우리 틴틴 5GB+,PD00005804,5GB+1Mbps,5GB+1Mbps,5GB+1Mbps,1Mbps,기본제공,기본제공,"월 12,400원",12400,,,유심,false,5G,03,https://www.wooriwonmobile.com/rate-plan/list,2026-05-07T13:30:33.603Z
우리WON모바일,우리 틴틴 2GB+,PD00000018,2GB+1Mbps,2GB+1Mbps,2GB+1Mbps,1Mbps,기본제공,기본제공,"월 8,900원",8900,,,유심,false,LTE,03,https://www.wooriwonmobile.com/rate-plan/list,2026-05-07T13:30:33.603Z
우리WON모바일,우리WON LTE 시니어 4GB+,PD00000019,4GB+400Kbps,4GB+400Kbps,4GB+400Kbps,400Kbps,기본제공,기본제공,"월 10,900원",10900,,,유심,false,LTE,04,https://www.wooriwonmobile.com/rate-plan/list,2026-05-07T13:30:33.603Z
우리WON모바일,우리WON LTE 시니어 2GB+,PD00000020,2GB+400Kbps,2GB+400Kbps,2GB+400Kbps,400Kbps,기본제공,기본제공,"월 8,900원",8900,,,유심,false,LTE,04,https://www.wooriwonmobile.com/rate-plan/list,2026-05-07T13:30:33.603Z
우리WON모바일,우리WON LTE 태블릿 20GB,PD00000021,20GB(차단),20GB,,,기본제공,기본제공,"월 11,900원",11900,,,유심,false,LTE,05,https://www.wooriwonmobile.com/rate-plan/list,2026-05-07T13:30:33.603Z
우리WON모바일,우리WON LTE 태블릿 10GB,PD00000022,10GB(차단),10GB,,,기본제공,기본제공,"월 9,900원",9900,,,유심,false,LTE,05,https://www.wooriwonmobile.com/rate-plan/list,2026-05-07T13:30:33.603Z
리브엠모바일,태블릿 LTE 10GB,PD00000242,10GB,10GB,,,0,0,"월 10,500원",10500,,,유심,false,LTE,U04,https://m.liivm.com/rateplan/plans/products,2026-05-07T13:30:44.127Z
리브엠모바일,태블릿 LTE 20GB,PD00000243,20GB,20GB,,,0,0,"월 13,500원",13500,,,유심,false,LTE,U04,https://m.liivm.com/rateplan/plans/products,2026-05-07T13:30:44.127Z
리브엠모바일,태블릿 LTE 25GB+,PD00000244,월25GB+일2GB+3Mbps,월25GB+일2GB+3Mbps,월25GB+일2GB+3Mbps,3Mbps,0,0,"월 37,400원",37400,,,유심,false,LTE,U04,https://m.liivm.com/rateplan/plans/products,2026-05-07T13:30:44.127Z
리브엠모바일,데이터쉐어링,PD00000272,,,,,0,0,,0,,,유심,false,LTE,U11,https://m.liivm.com/rateplan/plans/products,2026-05-07T13:30:44.127Z
리브엠모바일,LTE 든든 1GB,PD00000563,1GB,1GB,,,기본제공,기본제공,"월 8,900원",8900,,,유심,false,LTE,U15,https://m.liivm.com/rateplan/plans/products,2026-05-07T13:30:44.127Z
리브엠모바일,LTE 든든 3GB,PD00000565,3GB,3GB,,,기본제공,기본제공,"월 12,900원",12900,,,유심,false,LTE,U15,https://m.liivm.com/rateplan/plans/products,2026-05-07T13:30:44.127Z
리브엠모바일,LTE 든든 5GB,PD00000567,5GB,5GB,,,기본제공,기본제공,"월 14,900원",14900,,,유심,false,LTE,U15,https://m.liivm.com/rateplan/plans/products,2026-05-07T13:30:44.127Z
리브엠모바일,LTE 든든무제한 5GB+,PD00000573,5GB+1Mbps,5GB+1Mbps,5GB+1Mbps,1Mbps,기본제공,기본제공,"월 18,900원",18900,,,유심,false,LTE,U15,https://m.liivm.com/rateplan/plans/products,2026-05-07T13:30:44.127Z
리브엠모바일,5G 든든 2GB,PD00000579,2GB,2GB,,,기본제공,기본제공,"월 11,900원",11900,,,유심,false,5G,U16,https://m.liivm.com/rateplan/plans/products,2026-05-07T13:30:44.127Z
리브엠모바일,5G 든든 4GB,PD00000581,4GB,4GB,,,기본제공,기본제공,"월 14,900원",14900,,,유심,false,5G,U16,https://m.liivm.com/rateplan/plans/products,2026-05-07T13:30:44.127Z
리브엠모바일,5G 든든 6GB,PD00000583,6GB,6GB,,,기본제공,기본제공,"월 19,900원",19900,,,유심,false,5G,U16,https://m.liivm.com/rateplan/plans/products,2026-05-07T13:30:44.127Z
리브엠모바일,5G 든든 8GB,PD00000585,8GB,8GB,,,기본제공,기본제공,"월 24,900원",24900,,,유심,false,5G,U16,https://m.liivm.com/rateplan/plans/products,2026-05-07T13:30:44.127Z
리브엠모바일,5G 든든무제한 12GB+,PD00000587,12GB+1Mbps,12GB+1Mbps,12GB+1Mbps,1Mbps,기본제공,기본제공,"월 34,900원",34900,,,유심,false,5G,U16,https://m.liivm.com/rateplan/plans/products,2026-05-07T13:30:44.127Z
리브엠모바일,5G 든든무제한 150GB+,PD00000589,150GB+5Mbps,150GB+5Mbps,150GB+5Mbps,5Mbps,기본제공,기본제공,"월 48,900원",48900,,,유심,false,5G,U16,https://m.liivm.com/rateplan/plans/products,2026-05-07T13:30:44.127Z
리브엠모바일,5G 든든무제한 180GB+,PD00000591,180GB+10Mbps,180GB+10Mbps,180GB+10Mbps,10Mbps,기본제공,기본제공,"월 51,900원",51900,,,유심,false,5G,U16,https://m.liivm.com/rateplan/plans/products,2026-05-07T13:30:44.127Z
리브엠모바일,LTE 워치,PD00000613,250MB,250MB,,,50분,250건,"월 7,700원",7700,,,유심,false,LTE,U18,https://m.liivm.com/rateplan/plans/products,2026-05-07T13:30:44.127Z
리브엠모바일,LTE 무제한 11GB+(KT망),PD00000703,월11GB(10GB+1GB)+일2GB+3Mbps,월11GB(10GB+1GB)+일2GB+3Mbps,월11GB(10GB+1GB)+일2GB+3Mbps,3Mbps,기본제공,기본제공,"월 35,500원",35500,,,유심,false,LTE,K01,https://m.liivm.com/rateplan/plans/products,2026-05-07T13:30:44.127Z
리브엠모바일,LTE 데이터쉐어링(KT망),PD00000720,,,,,0,0,,0,,,유심,false,LTE,K05,https://m.liivm.com/rateplan/plans/products,2026-05-07T13:30:44.127Z
리브엠모바일,데이터같이쓰기 120분 (안심차단)(KT망),PD00000723,0GB+2GB(결합시),0GB+2GB(결합시),,,120분,120건,"월 3,900원",3900,,,유심,false,LTE,K06,https://m.liivm.com/rateplan/plans/products,2026-05-07T13:30:44.127Z
리브엠모바일,데이터같이쓰기 240분 (안심차단)(KT망),PD00000724,0GB+2GB(결합시),0GB+2GB(결합시),,,240분,240건,"월 5,500원",5500,,,유심,false,LTE,K06,https://m.liivm.com/rateplan/plans/products,2026-05-07T13:30:44.127Z
리브엠모바일,LTE 실속 3GB+(200분)(SKT망),PD00000732,3GB+1Mbps,3GB+1Mbps,3GB+1Mbps,1Mbps,200분,100건,"월 15,400원",15400,,,유심,false,LTE,S01,https://m.liivm.com/rateplan/plans/products,2026-05-07T13:30:44.127Z
리브엠모바일,LTE 실속 5GB+(200분)(SKT망),PD00000733,5GB+1Mbps,5GB+1Mbps,5GB+1Mbps,1Mbps,200분,100건,"월 17,600원",17600,,,유심,false,LTE,S01,https://m.liivm.com/rateplan/plans/products,2026-05-07T13:30:44.127Z
리브엠모바일,LTE 실속 15GB+ (100분)(SKT망),PD00000734,15GB+3Mbps,15GB+3Mbps,15GB+3Mbps,3Mbps,100분,100건,"월 29,700원",29700,,,유심,false,LTE,S01,https://m.liivm.com/rateplan/plans/products,2026-05-07T13:30:44.127Z
리브엠모바일,LTE 무제한 7GB+(SKT망),PD00000735,7GB+1Mbps,7GB+1Mbps,7GB+1Mbps,1Mbps,기본제공,기본제공,"월 22,000원",22000,,,유심,false,LTE,S02,https://m.liivm.com/rateplan/plans/products,2026-05-07T13:30:44.127Z
리브엠모바일,LTE 무제한 11GB+(SKT망),PD00000736,월11GB+일2GB+3Mbps,월11GB+일2GB+3Mbps,월11GB+일2GB+3Mbps,3Mbps,기본제공,기본제공,"월 38,500원",38500,,,유심,false,LTE,S02,https://m.liivm.com/rateplan/plans/products,2026-05-07T13:30:44.128Z
리브엠모바일,LTE 무제한 100GB+(SKT망),PD00000737,100GB+5Mbps,100GB+5Mbps,100GB+5Mbps,5Mbps,기본제공,기본제공,"월 47,300원",47300,,,유심,false,LTE,S02,https://m.liivm.com/rateplan/plans/products,2026-05-07T13:30:44.128Z
리브엠모바일,5G 무제한 15GB+(SKT망),PD00000738,15GB+1Mbps,15GB+1Mbps,15GB+1Mbps,1Mbps,기본제공,기본제공,"월 39,600원",39600,,,유심,false,5G,S03,https://m.liivm.com/rateplan/plans/products,2026-05-07T13:30:44.128Z
리브엠모바일,5G 무제한 110GB+(SKT망),PD00000739,110GB+5Mbps,110GB+5Mbps,110GB+5Mbps,5Mbps,기본제공,기본제공,"월 49,500원",49500,,,유심,false,5G,S03,https://m.liivm.com/rateplan/plans/products,2026-05-07T13:30:44.128Z
리브엠모바일,5G 무제한 200GB+(SKT망),PD00000740,200GB+5Mbps,200GB+5Mbps,200GB+5Mbps,5Mbps,기본제공,기본제공,"월 53,900원",53900,,,유심,false,5G,S03,https://m.liivm.com/rateplan/plans/products,2026-05-07T13:30:44.128Z
리브엠모바일,LTE 무제한 7GB+(지니뮤직)(KT망),PD00000908,월7GB+1Mbps,월7GB+1Mbps,월7GB+1Mbps,1Mbps,기본제공,기본제공,"월 23,900원",23900,,,유심,false,LTE,K01,https://m.liivm.com/rateplan/plans/products,2026-05-07T13:30:44.128Z
리브엠모바일,5G무제한 14GB+(KT망),PD00000911,월14GB+1Mbps,월14GB+1Mbps,월14GB+1Mbps,1Mbps,기본제공,기본제공,"월 37,500원",37500,,,유심,false,5G,K07,https://m.liivm.com/rateplan/plans/products,2026-05-07T13:30:44.128Z
리브엠모바일,5G무제한 110GB+(KT망),PD00000912,월110GB+5Mbps,월110GB+5Mbps,월110GB+5Mbps,5Mbps,기본제공,기본제공,"월 47,500원",47500,,,유심,false,5G,K07,https://m.liivm.com/rateplan/plans/products,2026-05-07T13:30:44.128Z
리브엠모바일,5G무제한 200GB+(KT망),PD00000913,월200GB+10Mbps,월200GB+10Mbps,월200GB+10Mbps,10Mbps,기본제공,기본제공,"월 54,900원",54900,,,유심,false,5G,K07,https://m.liivm.com/rateplan/plans/products,2026-05-07T13:30:44.128Z
리브엠모바일,주니어 LTE 실속 1GB+(LGU+망),PD00000914,월1GB+1Mbps,월1GB+1Mbps,월1GB+1Mbps,1Mbps,100분,100건,"월 10,500원",10500,,,유심,false,LTE,U03,https://m.liivm.com/rateplan/plans/products,2026-05-07T13:30:44.128Z
리브엠모바일,주니어 LTE 실속 2.5GB+(LGU+망),PD00000916,월2.5GB+1Mbps,월2.5GB+1Mbps,월2.5GB+1Mbps,1Mbps,200분,100건,"월 12,900원",12900,,,유심,false,LTE,U03,https://m.liivm.com/rateplan/plans/products,2026-05-07T13:30:44.128Z
리브엠모바일,주니어 LTE 1GB (안심차단)(LGU+망),PD00000918,월1GB,월1GB,,,기본제공,기본제공,"월 7,700원",7700,,,유심,false,LTE,U03,https://m.liivm.com/rateplan/plans/products,2026-05-07T13:30:44.128Z
리브엠모바일,주니어 LTE 3GB (안심차단)(LGU+망),PD00000920,월3GB,월3GB,,,기본제공,기본제공,"월 9,900원",9900,,,유심,false,LTE,U03,https://m.liivm.com/rateplan/plans/products,2026-05-07T13:30:44.128Z
리브엠모바일,주니어 LTE 2GB(안심차단)(KT망),PD00000922,월2GB,월2GB,,,기본제공,기본제공,"월 8,800원",8800,,,유심,false,LTE,K08,https://m.liivm.com/rateplan/plans/products,2026-05-07T13:30:44.128Z
리브엠모바일,주니어 LTE 4GB(안심차단)(KT망),PD00000923,월4GB,월4GB,,,기본제공,기본제공,"월 11,000원",11000,,,유심,false,LTE,K08,https://m.liivm.com/rateplan/plans/products,2026-05-07T13:30:44.128Z
리브엠모바일,골든라이프 LTE 8GB+(LGU+망),PD00000927,월8GB+1Mbps,월8GB+1Mbps,월8GB+1Mbps,1Mbps,기본제공,기본제공,"월 17,500원",17500,,,유심,false,LTE,U20,https://m.liivm.com/rateplan/plans/products,2026-05-07T13:30:44.128Z
리브엠모바일,골든라이프 LTE 2GB+(KT망),PD00000929,월2GB+400Kbps,월2GB+400Kbps,월2GB+400Kbps,400Kbps,기본제공,기본제공,"월 9,500원",9500,,,유심,false,LTE,K09,https://m.liivm.com/rateplan/plans/products,2026-05-07T13:30:44.128Z
리브엠모바일,골든라이프 LTE 4GB+(KT망),PD00000930,월4GB+400Kbps,월4GB+400Kbps,월4GB+400Kbps,400Kbps,기본제공,기본제공,"월 13,000원",13000,,,유심,false,LTE,K09,https://m.liivm.com/rateplan/plans/products,2026-05-07T13:30:44.128Z
리브엠모바일,LTE 7GB+(LGU+망),PD00000931,7GB+1Mbps,7GB+1Mbps,7GB+1Mbps,1Mbps,기본제공,기본제공,"월 21,900원",21900,"혜택가 월 14,600원",14600,유심,false,LTE,U15,https://m.liivm.com/rateplan/plans/products,2026-05-07T13:30:44.128Z
리브엠모바일,LTE 71GB+ (LGU+망),PD00000933,월11GB+일2GB+3Mbps,월11GB+일2GB+3Mbps,월11GB+일2GB+3Mbps,3Mbps,기본제공,기본제공,"월 34,300원",34300,,,유심,false,LTE,U15,https://m.liivm.com/rateplan/plans/products,2026-05-07T13:30:44.128Z
리브엠모바일,LTE 150GB+(LGU+망),PD00000935,매일 5GB+5Mbps,매일 5GB+5Mbps,매일 5GB+5Mbps,5Mbps,기본제공,기본제공,"월 41,400원",41400,,,유심,false,LTE,U05,https://m.liivm.com/rateplan/plans/products,2026-05-07T13:30:44.128Z
리브엠모바일,태블릿 LTE 10GB+(KT망),PD00000960,월10GB+200Kbps,월10GB+200Kbps,월10GB+200Kbps,200Kbps,0,0,"월 11,500원",11500,,,유심,false,LTE,K03,https://m.liivm.com/rateplan/plans/products,2026-05-07T13:30:44.128Z
리브엠모바일,태블릿 LTE 20GB+(KT망),PD00000961,월20GB+200Kbps,월20GB+200Kbps,월20GB+200Kbps,200Kbps,0,0,"월 14,500원",14500,,,유심,false,LTE,K03,https://m.liivm.com/rateplan/plans/products,2026-05-07T13:30:44.128Z
리브엠모바일,태블릿 LTE 5GB(SKT망),PD00000962,월5GB,월5GB,,,0,0,"월 12,500원",12500,,,유심,false,LTE,S04,https://m.liivm.com/rateplan/plans/products,2026-05-07T13:30:44.128Z
리브엠모바일,태블릿 LTE 10GB(SKT망),PD00000963,월10GB,월10GB,,,0,0,"월 14,000원",14000,,,유심,false,LTE,S04,https://m.liivm.com/rateplan/plans/products,2026-05-07T13:30:44.128Z
리브엠모바일,청년도약 LTE 71GB+ (LGU+망),PD00000969,71GB+(월11GB+일2GB),71GB+(월11GB+일2GB),,,기본제공,기본제공,"월 34,300원",34300,,,유심,false,LTE,U21,https://m.liivm.com/rateplan/plans/products,2026-05-07T13:30:44.128Z
리브엠모바일,5G 무제한 31GB+(LGU+망),PD00000978,31GB+1Mbps,31GB+1Mbps,31GB+1Mbps,1Mbps,기본제공,기본제공,"월 40,900원",40900,,,유심,false,5G,U16,https://m.liivm.com/rateplan/plans/products,2026-05-07T13:30:44.128Z
리브엠모바일,5G 무제한 50GB+(LGU+망),PD00000979,50GB+1Mbps,50GB+1Mbps,50GB+1Mbps,1Mbps,기본제공,기본제공,"월 42,400원",42400,,,유심,false,5G,U16,https://m.liivm.com/rateplan/plans/products,2026-05-07T13:30:44.128Z
리브엠모바일,5G 무제한 30GB+(KT망),PD00000980,30GB+1Mbps,30GB+1Mbps,30GB+1Mbps,1Mbps,기본제공,기본제공,"월 42,400원",42400,,,유심,false,5G,K07,https://m.liivm.com/rateplan/plans/products,2026-05-07T13:30:44.128Z
리브엠모바일,5G 무제한 50GB+(KT망),PD00000981,50GB+1Mbps,50GB+1Mbps,50GB+1Mbps,1Mbps,기본제공,기본제공,"월 43,900원",43900,,,유심,false,5G,K07,https://m.liivm.com/rateplan/plans/products,2026-05-07T13:30:44.128Z
리브엠모바일,5G 무제한 24GB+(SKT망),PD00000982,24GB+1Mbps,24GB+1Mbps,24GB+1Mbps,1Mbps,기본제공,기본제공,"월 43,400원",43400,,,유심,false,5G,S03,https://m.liivm.com/rateplan/plans/products,2026-05-07T13:30:44.128Z
리브엠모바일,5G 무제한 54GB+(SKT망),PD00000983,54GB+1Mbps,54GB+1Mbps,54GB+1Mbps,1Mbps,기본제공,기본제공,"월 46,400원",46400,,,유심,false,5G,S03,https://m.liivm.com/rateplan/plans/products,2026-05-07T13:30:44.128Z
리브엠모바일,LTE 실속 15GB+(100분) (밀리의서재)(KT망),PD00000989,15GB+3Mbps,15GB+3Mbps,15GB+3Mbps,3Mbps,100 분,100건,"월 28,500원",28500,,,유심,false,LTE,K04,https://m.liivm.com/rateplan/plans/products,2026-05-07T13:30:44.128Z
리브엠모바일,LTE 무제한 7GB+ (밀리의서재)(KT망),PD00000990,7GB+1Mbps,7GB+1Mbps,7GB+1Mbps,1Mbps,기본제공,기본제공,"월 19,500원",19500,,,유심,false,LTE,K01,https://m.liivm.com/rateplan/plans/products,2026-05-07T13:30:44.128Z
리브엠모바일,LTE 무제한 11GB+ (밀리의서재)(KT망),PD00000991,월11GB+일2GB+3Mbps,월11GB+일2GB+3Mbps,월11GB+일2GB+3Mbps,3Mbps,기본제공,기본제공,"월 35,500원",35500,,,유심,false,LTE,K01,https://m.liivm.com/rateplan/plans/products,2026-05-07T13:30:44.128Z
리브엠모바일,LTE 무제한 100GB+ (밀리의서재)(KT망),PD00000992,100GB+5Mbps,100GB+5Mbps,100GB+5Mbps,5Mbps,기본제공,기본제공,"월 41,000원",41000,,,유심,false,LTE,K01,https://m.liivm.com/rateplan/plans/products,2026-05-07T13:30:44.128Z
리브엠모바일,LTE 무제한 10GB+ (밀리의서재)(KT망),PD00000993,월10GB+1Mbps,월10GB+1Mbps,월10GB+1Mbps,1Mbps,기본제공,기본제공,"월 22,000원",22000,,,유심,false,LTE,K01,https://m.liivm.com/rateplan/plans/products,2026-05-07T13:30:44.128Z
리브엠모바일,LTE 무제한 15GB+ (밀리의서재)(KT망),PD00000994,월15GB+1Mbps,월15GB+1Mbps,월15GB+1Mbps,1Mbps,기본제공,기본제공,"월 24,000원",24000,,,유심,false,LTE,K01,https://m.liivm.com/rateplan/plans/products,2026-05-07T13:30:44.128Z
리브엠모바일,LTE 15GB+ (100분/100건)(LGU+망),PD00001023,15GB+3Mbps,15GB+3Mbps,15GB+3Mbps,3Mbps,100분,100건,"월 26,900원",26900,"혜택가 월 20,200원",20200,유심,false,LTE,U15,https://m.liivm.com/rateplan/plans/products,2026-05-07T13:30:44.128Z
리브엠모바일,LTE 15GB+ (300분/300건)(LGU+망),PD00001025,15GB+3Mbps,15GB+3Mbps,15GB+3Mbps,3Mbps,300분,300건,"월 28,900원",28900,"혜택가 월 22,200원",22200,유심,false,LTE,U15,https://m.liivm.com/rateplan/plans/products,2026-05-07T13:30:44.128Z
리브엠모바일,내맘대로 LTE,PD00001076,1~5GB,1~5GB,,,50~200분,100건,"월 5,000원",5000,,,유심,false,LTE,U22,https://m.liivm.com/rateplan/plans/products,2026-05-07T13:30:44.128Z
리브엠모바일,LTE 100GB+(LGU+망),PD00001078,100GB+5Mbps,100GB+5Mbps,100GB+5Mbps,5Mbps,기본제공,기본제공,"월 41,400원",41400,,,유심,false,LTE,U15,https://m.liivm.com/rateplan/plans/products,2026-05-07T13:30:44.128Z
리브엠모바일,보이스피싱예방 LTE 15GB+(100분/100건),PD00001086,15GB+3Mbps,15GB+3Mbps,15GB+3Mbps,3Mbps,100분,100건,"월 26,900원",26900,"혜택가 월 20,300원",20300,유심,false,LTE,U24,https://m.liivm.com/rateplan/plans/products,2026-05-07T13:30:44.128Z
리브엠모바일,보이스피싱예방 LTE 15GB+(300분/300건),PD00001087,15GB+3Mbps,15GB+3Mbps,15GB+3Mbps,3Mbps,300분,300건,"월 28,900원",28900,"혜택가 월 22,300원",22300,유심,false,LTE,U24,https://m.liivm.com/rateplan/plans/products,2026-05-07T13:30:44.128Z
리브엠모바일,KB그룹 임직원 프리미엄 LTE 100GB+(LGU+망),PD00001089,100GB+5Mbps,100GB+5Mbps,100GB+5Mbps,5Mbps,무제한,무제한,"월 49,900원",49900,,,유심,false,LTE,U26,https://m.liivm.com/rateplan/plans/products,2026-05-07T13:30:44.128Z
리브엠모바일,LTE 10GB+(LGU+망),PD00001124,10GB+1Mbps,10GB+1Mbps,10GB+1Mbps,1Mbps,기본제공,기본제공,"월 21,300원",21300,"혜택가 월 16,900원",16900,유심,false,LTE,U15,https://m.liivm.com/rateplan/plans/products,2026-05-07T13:30:44.128Z
리브엠모바일,LTE 15GB+(LGU+망),PD00001125,15GB+1Mbps,15GB+1Mbps,15GB+1Mbps,1Mbps,기본제공,기본제공,"월 23,300원",23300,"혜택가 월 18,900원",18900,유심,false,LTE,U15,https://m.liivm.com/rateplan/plans/products,2026-05-07T13:30:44.128Z
리브엠모바일,골든라이프 LTE 4GB+(LGU+망),PD00001126,4GB+1Mbps,4GB+1Mbps,4GB+1Mbps,1Mbps,기본제공,기본제공,"월 13,400원",13400,,,유심,false,LTE,U20,https://m.liivm.com/rateplan/plans/products,2026-05-07T13:30:44.128Z
리브엠모바일,보이스피싱예방 LTE 7GB+(안심직거래)(KT망),PD00001127,7GB+1Mbps,7GB+1Mbps,7GB+1Mbps,1Mbps,기본제공,기본제공,"월 19,500원",19500,,,유심,false,LTE,K11,https://m.liivm.com/rateplan/plans/products,2026-05-07T13:30:44.128Z
리브엠모바일,보이스피싱예방 LTE 15GB+(안심직거래)(KT망),PD00001128,15GB+1Mbps,15GB+1Mbps,15GB+1Mbps,1Mbps,기본제공,기본제공,"월 24,000원",24000,,,유심,false,LTE,K11,https://m.liivm.com/rateplan/plans/products,2026-05-07T13:30:44.128Z
리브엠모바일,LTE 100GB+ (CU할인)(KT망),PD00001138,100GB+5Mbps,100GB+5Mbps,100GB+5Mbps,5Mbps,기본제공,기본제공,"월 41,000원",41000,"혜택가 월 36,600원",36600,유심,false,LTE,K12,https://m.liivm.com/rateplan/plans/products,2026-05-07T13:30:44.128Z
리브엠모바일,LTE 71GB+ (CU할인)(KT망),PD00001139,월11GB+일2GB+3Mbps,월11GB+일2GB+3Mbps,월11GB+일2GB+3Mbps,3Mbps,기본제공,기본제공,"월 35,500원",35500,"혜택가 월 31,100원",31100,유심,false,LTE,K12,https://m.liivm.com/rateplan/plans/products,2026-05-07T13:30:44.128Z
리브엠모바일,LTE 15GB+ (300분)(CU할인)(KT망),PD00001140,15GB+3Mbps,15GB+3Mbps,15GB+3Mbps,3Mbps,300분,300건,"월 30,500원",30500,"혜택가 월 26,100원",26100,유심,false,LTE,K12,https://m.liivm.com/rateplan/plans/products,2026-05-07T13:30:44.128Z
리브엠모바일,LTE 15GB+ (100분)(CU할인)(KT망),PD00001141,15GB+3Mbps,15GB+3Mbps,15GB+3Mbps,3Mbps,100분,100건,"월 28,500원",28500,"혜택가 월 24,100원",24100,유심,false,LTE,K12,https://m.liivm.com/rateplan/plans/products,2026-05-07T13:30:44.128Z
리브엠모바일,LTE 15GB+ (CU할인)(KT망),PD00001142,15GB+1Mbps,15GB+1Mbps,15GB+1Mbps,1Mbps,기본제공,기본제공,"월 24,800원",24800,"혜택가 월 20,400원",20400,유심,false,LTE,K12,https://m.liivm.com/rateplan/plans/products,2026-05-07T13:30:44.128Z
리브엠모바일,ESG LTE 3GB+(100분)(LGU+망),PD00001143,3GB+1Mbps,3GB+1Mbps,3GB+1Mbps,1Mbps,100분,100건,"월 10,900원",10900,,,유심,false,LTE,U27,https://m.liivm.com/rateplan/plans/products,2026-05-07T13:30:44.128Z
리브엠모바일,ESG LTE 5GB+(100분)(LGU+망),PD00001144,5GB+1Mbps,5GB+1Mbps,5GB+1Mbps,1Mbps,100분,100건,"월 12,300원",12300,,,유심,false,LTE,U27,https://m.liivm.com/rateplan/plans/products,2026-05-07T13:30:44.128Z
리브엠모바일,ESG LTE 71GB+(LGU+망),PD00001145,월11GB+일2GB+3Mbps,월11GB+일2GB+3Mbps,월11GB+일2GB+3Mbps,3Mbps,기본제공,기본제공,"월 34,300원",34300,,,유심,false,LTE,U27,https://m.liivm.com/rateplan/plans/products,2026-05-07T13:30:44.128Z
리브엠모바일,5G 20GB(100분),PD00001190,20GB,20GB,,,100분,100건,"월 19,500원",19500,,,유심,false,5G,S03,https://m.liivm.com/rateplan/plans/products,2026-05-07T13:30:44.128Z
리브엠모바일,직장인우대(연금) LTE 7GB+ 밀리의서재(KT망),PD00001198,7GB+10GB+1Mbps,7GB+10GB+1Mbps,7GB+10GB+1Mbps,1Mbps,기본제공,기본제공,"월 19,300원",19300,,,유심,false,LTE,K16,https://m.liivm.com/rateplan/plans/products,2026-05-07T13:30:44.128Z
리브엠모바일,더블업 LTE 17GB+,PD00001300,7GB+10GB(24개월)+1Mbps,7GB+10GB(24개월)+1Mbps,7GB+10GB(24개월)+1Mbps,1Mbps,기본제공,기본제공,"월 17,000원",17000,,,유심,false,LTE,U34,https://m.liivm.com/rateplan/plans/products,2026-05-07T13:30:44.128Z
리브엠모바일,더블업 LTE 20GB+(LGU+망),PD00001301,10GB+10GB(24개월)+1Mbps,10GB+10GB(24개월)+1Mbps,10GB+10GB(24개월)+1Mbps,1Mbps,기본제공,기본제공,"월 20,000원",20000,,,유심,false,LTE,U34,https://m.liivm.com/rateplan/plans/products,2026-05-07T13:30:44.128Z
리브엠모바일,더블업 LTE 25GB+(LGU+망),PD00001302,15GB+10GB(24개월)+1Mbps,15GB+10GB(24개월)+1Mbps,15GB+10GB(24개월)+1Mbps,1Mbps,기본제공,기본제공,"월 22,000원",22000,,,유심,false,LTE,U34,https://m.liivm.com/rateplan/plans/products,2026-05-07T13:30:44.128Z
리브엠모바일,선생님든든 LTE(신),PD00001307,월11GB+일2GB+3Mbps,월11GB+일2GB+3Mbps,월11GB+일2GB+3Mbps,3Mbps,기본제공,기본제공,"월 33,000원",33000,"혜택가 월 30,800원",30800,유심,false,LTE,U12,https://m.liivm.com/rateplan/plans/products,2026-05-07T13:30:44.128Z
리브엠모바일,무궁화 LTE(신),PD00001308,월11GB+일2GB+3Mbps,월11GB+일2GB+3Mbps,월11GB+일2GB+3Mbps,3Mbps,기본제공,기본제공,"월 33,000원",33000,"혜택가 월 30,800원",30800,유심,false,LTE,U12,https://m.liivm.com/rateplan/plans/products,2026-05-07T13:30:44.128Z
리브엠모바일,나라사랑 LTE(신),PD00001309,월11GB+일2GB+3Mbps,월11GB+일2GB+3Mbps,월11GB+일2GB+3Mbps,3Mbps,기본제공,기본제공,"월 33,000원",33000,"혜택가 월 30,800원",30800,유심,false,LTE,U06,https://m.liivm.com/rateplan/plans/products,2026-05-07T13:30:44.128Z
리브엠모바일,공무원든든 LTE(신),PD00001315,월11GB+일2GB+3Mbps,월11GB+일2GB+3Mbps,월11GB+일2GB+3Mbps,3Mbps,기본제공,기본제공,"월 33,000원",33000,"혜택가 월 30,800원",30800,유심,false,LTE,U12,https://m.liivm.com/rateplan/plans/products,2026-05-07T13:30:44.128Z
리브엠모바일,KB 영웅 LTE 71GB+,PD00001316,월11GB+일2GB+3Mbps,월11GB+일2GB+3Mbps,월11GB+일2GB+3Mbps,3Mbps,기본제공,기본제공,"월 33,000원",33000,"혜택가 월 26,400원",26400,유심,false,LTE,U36,https://m.liivm.com/rateplan/plans/products,2026-05-07T13:30:44.128Z
리브엠모바일,사장님 LTE 71GB+,PD00001317,월11GB+일2GB+3Mbps,월11GB+일2GB+3Mbps,월11GB+일2GB+3Mbps,3Mbps,기본제공,기본제공,"월 34,300원",34300,"혜택가 월 26,400원",26400,유심,false,LTE,U35,https://m.liivm.com/rateplan/plans/products,2026-05-07T13:30:44.128Z
리브엠모바일,사장님 LTE 17GB+(LGU+망),PD00001319,7GB+1Mbps,7GB+1Mbps,7GB+1Mbps,1Mbps,기본제공,기본제공,"월 17,000원",17000,,,유심,false,LTE,U35,https://m.liivm.com/rateplan/plans/products,2026-05-07T13:30:44.128Z
리브엠모바일,사장님 LTE 7GB+밀리의서재(KT망),PD00001321,7GB+1Mbps,7GB+1Mbps,7GB+1Mbps,1Mbps,기본제공,기본제공,"월 19,500원",19500,,,유심,false,LTE,K18,https://m.liivm.com/rateplan/plans/products,2026-05-07T13:30:44.128Z
리브엠모바일,직장인우대(연금) 15GB(LGU+망),PD00001325,15GB(10GB+5GB(24개월)),15GB(10GB+5GB(24개월)),,,1000분,1000건,"월 16,900원",16900,,,유심,false,LTE,U32,https://m.liivm.com/rateplan/plans/products,2026-05-07T13:30:44.128Z
리브엠모바일,GS LTE 71GB+(LGU+망),PD00001329,11GB+일2GB+3Mbps,11GB+일2GB+3Mbps,11GB+일2GB+3Mbps,3Mbps,기본제공,기본제공,"월 34,300원",34300,,,유심,false,LTE,U42,https://m.liivm.com/rateplan/plans/products,2026-05-07T13:30:44.128Z
리브엠모바일,GS LTE 25GB+(LGU+망),PD00001330,15GB+10GB+1Mbps,15GB+10GB+1Mbps,15GB+10GB+1Mbps,1Mbps,기본제공,기본제공,"월 24,400원",24400,,,유심,false,LTE,U42,https://m.liivm.com/rateplan/plans/products,2026-05-07T13:30:44.128Z
리브엠모바일,사장님(GS) LTE 17GB+(LGU+망),PD00001331,7GB+10GB+1Mbps,7GB+10GB+1Mbps,7GB+10GB+1Mbps,1Mbps,기본제공,기본제공,"월 18,100원",18100,,,유심,false,LTE,U42,https://m.liivm.com/rateplan/plans/products,2026-05-07T13:30:44.128Z
리브엠모바일,LTE 실속 1GB(100분)(SKT망),PD00001332,1GB,1GB,,,100분,100건,"월 6,600원",6600,,,유심,false,LTE,S07,https://m.liivm.com/rateplan/plans/products,2026-05-07T13:30:44.128Z
리브엠모바일,LTE 실속 3GB(100분)(SKT망),PD00001333,3GB,3GB,,,100분,100건,"월 7,700원",7700,,,유심,false,LTE,S07,https://m.liivm.com/rateplan/plans/products,2026-05-07T13:30:44.128Z
리브엠모바일,LTE 실속 5GB(100분)(SKT망),PD00001334,5GB,5GB,,,100분,100건,"월 9,900원",9900,,,유심,false,LTE,S07,https://m.liivm.com/rateplan/plans/products,2026-05-07T13:30:44.128Z
리브엠모바일,LTE 실속 9GB(100분)(SKT망),PD00001335,9GB,9GB,,,100분,100건,"월 11,000원",11000,,,유심,false,LTE,S07,https://m.liivm.com/rateplan/plans/products,2026-05-07T13:30:44.128Z
리브엠모바일,5G 실속 2GB(100분)(SKT망),PD00001338,2GB,2GB,,,100분,100건,"월 11,900원",11900,,,유심,false,5G,S07,https://m.liivm.com/rateplan/plans/products,2026-05-07T13:30:44.128Z
리브엠모바일,5G 실속 4GB(100분)(SKT망),PD00001339,4GB,4GB,,,100분,100건,"월 14,900원",14900,,,유심,false,5G,S07,https://m.liivm.com/rateplan/plans/products,2026-05-07T13:30:44.128Z
리브엠모바일,5G 실속 15GB(100분)(SKT망),PD00001340,15GB,15GB,,,100분,100건,"월 15,400원",15400,,,유심,false,5G,S07,https://m.liivm.com/rateplan/plans/products,2026-05-07T13:30:44.128Z
리브엠모바일,5G 실속 4GB(100분)(KT망),PD00001341,4GB,4GB,,,100분,100건,"월 14,900원",14900,,,유심,false,5G,K20,https://m.liivm.com/rateplan/plans/products,2026-05-07T13:30:44.128Z
리브엠모바일,5G 실속 2GB(100분)(KT망),PD00001342,2GB,2GB,,,100분,100건,"월 11,900원",11900,,,유심,false,5G,K20,https://m.liivm.com/rateplan/plans/products,2026-05-07T13:30:44.128Z
리브엠모바일,5G 든든무제한 95GB+,PD00001345,95GB+3Mbps,95GB+3Mbps,95GB+3Mbps,3Mbps,기본제공,기본제공,"월 43,500원",43500,,,유심,false,5G,U16,https://m.liivm.com/rateplan/plans/products,2026-05-07T13:30:44.128Z
리브엠모바일,5G 무제한 99GB+(SKT망),PD00001346,99GB+1Mbps,99GB+1Mbps,99GB+1Mbps,1Mbps,기본제공,기본제공,"월 48,400원",48400,,,유심,false,5G,S03,https://m.liivm.com/rateplan/plans/products,2026-05-07T13:30:44.128Z
리브엠모바일,LTE 7GB+(평생),PD00001347,7GB+1Mbps,7GB+1Mbps,7GB+1Mbps,1Mbps,기본제공,기본제공,"월 15,400원",15400,,,유심,false,LTE,U43,https://m.liivm.com/rateplan/plans/products,2026-05-07T13:30:44.128Z
리브엠모바일,LTE 71GB+(평생),PD00001348,11GB+일2GB+3Mbps,11GB+일2GB+3Mbps,11GB+일2GB+3Mbps,3Mbps,기본제공,기본제공,"월 33,000원",33000,,,유심,false,LTE,U43,https://m.liivm.com/rateplan/plans/products,2026-05-07T13:30:44.128Z
리브엠모바일,5G 95GB+(평생),PD00001349,95GB+3Mbps,95GB+3Mbps,95GB+3Mbps,3Mbps,기본제공,기본제공,"월 40,900원",40900,,,유심,false,5G,U43,https://m.liivm.com/rateplan/plans/products,2026-05-07T13:30:44.128Z
리브엠모바일,LTE 71GB+(초알뜰),PD00001360,11GB+일2GB+3Mbps,11GB+일2GB+3Mbps,11GB+일2GB+3Mbps,3Mbps,기본제공,기본제공,"월 39,900원",39900,,,유심,false,LTE,U47,https://m.liivm.com/rateplan/plans/products,2026-05-07T13:30:44.128Z
리브엠모바일,5G 95GB+(초알뜰),PD00001361,95GB+3Mbps,95GB+3Mbps,95GB+3Mbps,3Mbps,기본제공,기본제공,"월 49,900원",49900,,,유심,false,5G,U48,https://m.liivm.com/rateplan/plans/products,2026-05-07T13:30:44.128Z
리브엠모바일,LTE 71GB+(혜택형),PD00001374,11GB+일2GB+3Mbps,11GB+일2GB+3Mbps,11GB+일2GB+3Mbps,3Mbps,기본제공,기본제공,"월 33,000원",33000,,,유심,false,LTE,U57,https://m.liivm.com/rateplan/plans/products,2026-05-07T13:30:44.128Z
리브엠모바일,5G 95GB+(혜택형),PD00001375,95GB+3Mbps,95GB+3Mbps,95GB+3Mbps,3Mbps,기본제공,기본제공,"월 40,900원",40900,,,유심,false,5G,U58,https://m.liivm.com/rateplan/plans/products,2026-05-07T13:30:44.128Z
SK세븐모바일,LTE 유심 (100GB+/통화맘껏),PD00000296,100GB,100GB,5Mbps,5Mbps,기본제공,기본제공,"월 42,000원",42000,,,유심,false,LTE,전체,https://www.sk7mobile.com/prod/data/callingPlanList.do?refCode=USIM,2026-05-07T13:30:51.917Z
SK세븐모바일,[셀프] LTE 유심 (100GB+),PC0RB00497,100GB,100GB,5Mbps,5Mbps,기본제공,기본제공,"월 40,900원",40900,,,유심,false,LTE,전체,https://www.sk7mobile.com/prod/data/callingPlanList.do?refCode=USIM,2026-05-07T13:30:51.917Z
SK세븐모바일,LTE 유심 (11GB+/통화맘껏),PD00000174,11GB,11GB,3Mbps,3Mbps,기본제공,기본제공,"월 34,100원",34100,,,유심,false,LTE,전체,https://www.sk7mobile.com/prod/data/callingPlanList.do?refCode=USIM,2026-05-07T13:30:51.917Z
SK세븐모바일,[셀프] LTE 유심 (11GB+),PC0RB00492,11GB,11GB,3Mbps,3Mbps,기본제공,기본제공,"월 33,000원",33000,,,유심,false,LTE,전체,https://www.sk7mobile.com/prod/data/callingPlanList.do?refCode=USIM,2026-05-07T13:30:51.917Z
SK세븐모바일,LTE 유심 (15GB+/300분),PC0RB00463,15GB,15GB,3Mbps,3Mbps,300분,300건,"월 28,600원",28600,,,유심,false,LTE,전체,https://www.sk7mobile.com/prod/data/callingPlanList.do?refCode=USIM,2026-05-07T13:30:51.918Z
SK세븐모바일,[셀프] LTE 유심 (15GB+/300분),PC0RB00496,15GB,15GB,3Mbps,3Mbps,300분,300건,"월 27,500원",27500,,,유심,false,LTE,전체,https://www.sk7mobile.com/prod/data/callingPlanList.do?refCode=USIM,2026-05-07T13:30:51.918Z
SK세븐모바일,LTE 유심 (15GB+/100분),PD00000292,15GB,15GB,3Mbps,3Mbps,100분,100건,"월 25,300원",25300,,,유심,false,LTE,전체,https://www.sk7mobile.com/prod/data/callingPlanList.do?refCode=USIM,2026-05-07T13:30:51.918Z
SK세븐모바일,[셀프] LTE 유심 (15GB+/100분),PC0RB00494,15GB,15GB,3Mbps,3Mbps,100분,100건,"월 24,200원",24200,,,유심,false,LTE,전체,https://www.sk7mobile.com/prod/data/callingPlanList.do?refCode=USIM,2026-05-07T13:30:51.918Z
SK세븐모바일,LTE 유심 (10GB+/통화맘껏),PC0RB00464,10GB,10GB,1Mbps,1Mbps,기본제공,기본제공,"월 20,000원",20000,,,유심,false,LTE,전체,https://www.sk7mobile.com/prod/data/callingPlanList.do?refCode=USIM,2026-05-07T13:30:51.918Z
SK세븐모바일,[셀프] LTE 유심 (10GB+),PC0RB00501,10GB,10GB,1Mbps,1Mbps,기본제공,기본제공,"월 18,900원",18900,,,유심,false,LTE,전체,https://www.sk7mobile.com/prod/data/callingPlanList.do?refCode=USIM,2026-05-07T13:30:51.918Z
SK세븐모바일,LTE 유심 (7GB+/통화맘껏),PD00000378,7GB,7GB,1Mbps,1Mbps,기본제공,기본제공,"월 18,000원",18000,,,유심,false,LTE,전체,https://www.sk7mobile.com/prod/data/callingPlanList.do?refCode=USIM,2026-05-07T13:30:51.918Z
SK세븐모바일,[셀프] LTE 유심 (7GB+),PC0RB00493,7GB,7GB,1Mbps,1Mbps,기본제공,기본제공,"월 16,900원",16900,,,유심,false,LTE,전체,https://www.sk7mobile.com/prod/data/callingPlanList.do?refCode=USIM,2026-05-07T13:30:51.918Z
SK세븐모바일,LTE 유심 (20GB+/1000분),PC0RB00560,20GB,20GB,1Mbps,1Mbps,1000분,100건,"월 24,750원",24750,,,유심,false,LTE,전체,https://www.sk7mobile.com/prod/data/callingPlanList.do?refCode=USIM,2026-05-07T13:30:51.918Z
SK세븐모바일,LTE 유심 (15GB+/1000분),PC0RB00561,15GB,15GB,1Mbps,1Mbps,1000분,100건,"월 21,400원",21400,,,유심,false,LTE,전체,https://www.sk7mobile.com/prod/data/callingPlanList.do?refCode=USIM,2026-05-07T13:30:51.918Z
SK세븐모바일,LTE 유심 (10GB+/1000분),PC0RB00562,10GB,10GB,1Mbps,1Mbps,1000분,100건,"월 18,900원",18900,,,유심,false,LTE,전체,https://www.sk7mobile.com/prod/data/callingPlanList.do?refCode=USIM,2026-05-07T13:30:51.918Z
SK세븐모바일,LTE 유심 (8GB+/1000분),PC0RB00563,8GB,8GB,1Mbps,1Mbps,1000분,100건,"월 16,900원",16900,,,유심,false,LTE,전체,https://www.sk7mobile.com/prod/data/callingPlanList.do?refCode=USIM,2026-05-07T13:30:51.918Z
SK세븐모바일,LTE 유심 (6GB+/1000분),PC0RB00564,6GB,6GB,1Mbps,1Mbps,1000분,100건,"월 15,400원",15400,,,유심,false,LTE,전체,https://www.sk7mobile.com/prod/data/callingPlanList.do?refCode=USIM,2026-05-07T13:30:51.918Z
SK세븐모바일,LTE 유심 (3GB+/200분),PD00000382,3GB,3GB,1Mbps,1Mbps,200분,100건,"월 13,860원",13860,,,유심,false,LTE,전체,https://www.sk7mobile.com/prod/data/callingPlanList.do?refCode=USIM,2026-05-07T13:30:51.918Z
SK세븐모바일,LTE 유심 (1GB+/통화맘껏),PD00000430,1GB,1GB,1Mbps,1Mbps,기본제공,기본제공,"월 11,000원",11000,,,유심,false,LTE,전체,https://www.sk7mobile.com/prod/data/callingPlanList.do?refCode=USIM,2026-05-07T13:30:51.918Z
SK세븐모바일,[셀프] LTE 유심 (1GB+),PC0RB00500,1GB,1GB,1Mbps,1Mbps,기본제공,기본제공,"월 9,920원",9920,,,유심,false,LTE,전체,https://www.sk7mobile.com/prod/data/callingPlanList.do?refCode=USIM,2026-05-07T13:30:51.918Z
SK세븐모바일,LTE 유심 (15GB/2000분),PC0RB00541,15GB,15GB,,,2000분,2000건,"월 15,000원",15000,,,유심,false,LTE,전체,https://www.sk7mobile.com/prod/data/callingPlanList.do?refCode=USIM,2026-05-07T13:30:51.918Z
SK세븐모바일,[셀프] LTE 유심 (15GB/2000분),PC0RB00542,15GB,15GB,,,2000분,2000건,"월 13,900원",13900,,,유심,false,LTE,전체,https://www.sk7mobile.com/prod/data/callingPlanList.do?refCode=USIM,2026-05-07T13:30:51.918Z
SK세븐모바일,LTE 유심 (10GB/2000분),PD00000401,10GB,10GB,,,2000분,2000건,"월 13,000원",13000,,,유심,false,LTE,전체,https://www.sk7mobile.com/prod/data/callingPlanList.do?refCode=USIM,2026-05-07T13:30:51.918Z
SK세븐모바일,LTE 유심 (8GB/2000분),PC0RB00499,8GB,8GB,,,2000분,2000건,"월 12,100원",12100,,,유심,false,LTE,전체,https://www.sk7mobile.com/prod/data/callingPlanList.do?refCode=USIM,2026-05-07T13:30:51.918Z
SK세븐모바일,[셀프] LTE 유심 (10GB/2000분),PC0RB00491,10GB,10GB,,,2000분,2000건,"월 11,900원",11900,,,유심,false,LTE,전체,https://www.sk7mobile.com/prod/data/callingPlanList.do?refCode=USIM,2026-05-07T13:30:51.918Z
SK세븐모바일,[셀프] LTE 유심 (8GB/2000분),PC0RB00498,8GB,8GB,,,2000분,2000건,"월 11,000원",11000,,,유심,false,LTE,전체,https://www.sk7mobile.com/prod/data/callingPlanList.do?refCode=USIM,2026-05-07T13:30:51.918Z
SK세븐모바일,LTE 유심 (6GB/2000분),PD00000320,6GB,6GB,,,2000분,2000건,"월 9,900원",9900,,,유심,false,LTE,전체,https://www.sk7mobile.com/prod/data/callingPlanList.do?refCode=USIM,2026-05-07T13:30:51.918Z
SK세븐모바일,[셀프] LTE 유심 (6GB/2000분),PC0RB00490,6GB,6GB,,,2000분,2000건,"월 8,800원",8800,,,유심,false,LTE,전체,https://www.sk7mobile.com/prod/data/callingPlanList.do?refCode=USIM,2026-05-07T13:30:51.918Z
SK세븐모바일,LTE 유심 (4GB/2000분),PD00000319,4GB,4GB,,,2000분,2000건,"월 7,700원",7700,,,유심,false,LTE,전체,https://www.sk7mobile.com/prod/data/callingPlanList.do?refCode=USIM,2026-05-07T13:30:51.918Z
SK세븐모바일,[셀프] LTE 유심 (4GB/2000분),PC0RB00489,4GB,4GB,,,2000분,2000건,"월 6,600원",6600,,,유심,false,LTE,전체,https://www.sk7mobile.com/prod/data/callingPlanList.do?refCode=USIM,2026-05-07T13:30:51.918Z
SK세븐모바일,LTE 유심 (2GB/2000분),PD00000318,2GB,2GB,,,2000분,2000건,"월 6,600원",6600,,,유심,false,LTE,전체,https://www.sk7mobile.com/prod/data/callingPlanList.do?refCode=USIM,2026-05-07T13:30:51.918Z
SK세븐모바일,[셀프] LTE 유심 (2GB/2000분),PC0RB00488,2GB,2GB,,,2000분,2000건,"월 5,500원",5500,,,유심,false,LTE,전체,https://www.sk7mobile.com/prod/data/callingPlanList.do?refCode=USIM,2026-05-07T13:30:51.918Z
SK세븐모바일,LTE 유심 (25GB/300분),PC0RB00506,25GB,25GB,,,300분,100건,"월 23,100원",23100,,,유심,false,LTE,전체,https://www.sk7mobile.com/prod/data/callingPlanList.do?refCode=USIM,2026-05-07T13:30:51.918Z
SK세븐모바일,LTE 유심 (25GB/200분),PC0RB00507,25GB,25GB,,,200분,100건,"월 22,000원",22000,,,유심,false,LTE,전체,https://www.sk7mobile.com/prod/data/callingPlanList.do?refCode=USIM,2026-05-07T13:30:51.918Z
SK세븐모바일,LTE 유심 (25GB/100분),PC0RB00508,25GB,25GB,,,100분,100건,"월 20,900원",20900,,,유심,false,LTE,전체,https://www.sk7mobile.com/prod/data/callingPlanList.do?refCode=USIM,2026-05-07T13:30:51.918Z
SK세븐모바일,LTE 유심 (15GB/300분),PC0RB00509,15GB,15GB,,,300분,100건,"월 13,530원",13530,,,유심,false,LTE,전체,https://www.sk7mobile.com/prod/data/callingPlanList.do?refCode=USIM,2026-05-07T13:30:51.918Z
SK세븐모바일,LTE 유심 (15GB/200분),PC0RB00510,15GB,15GB,,,200분,100건,"월 13,200원",13200,,,유심,false,LTE,전체,https://www.sk7mobile.com/prod/data/callingPlanList.do?refCode=USIM,2026-05-07T13:30:51.918Z
SK세븐모바일,LTE 유심 (15GB/100분),PC0RB00511,15GB,15GB,,,100분,100건,"월 12,900원",12900,,,유심,false,LTE,전체,https://www.sk7mobile.com/prod/data/callingPlanList.do?refCode=USIM,2026-05-07T13:30:51.918Z
SK세븐모바일,LTE 안심차단 (30GB/1000분),PC0RB00546,30GB,30GB,,,1000분,1000건,"월 24,900원",24900,,,유심,false,LTE,전체,https://www.sk7mobile.com/prod/data/callingPlanList.do?refCode=USIM,2026-05-07T13:30:51.918Z
SK세븐모바일,LTE 안심차단 (20GB/1000분),PC0RB00547,20GB,20GB,,,1000분,1000건,"월 16,900원",16900,,,유심,false,LTE,전체,https://www.sk7mobile.com/prod/data/callingPlanList.do?refCode=USIM,2026-05-07T13:30:51.918Z
SK세븐모바일,LTE 안심 (15GB+/1000분),PC0RB00540,15GB,15GB,400Kbps,400Kbps,1000분,1000건,"월 15,900원",15900,,,유심,false,LTE,전체,https://www.sk7mobile.com/prod/data/callingPlanList.do?refCode=USIM,2026-05-07T13:30:51.918Z
SK세븐모바일,LTE 안심 (10GB+/1000분),PD00000417,10GB,10GB,400Kbps,400Kbps,1000분,1000건,"월 12,900원",12900,,,유심,false,LTE,전체,https://www.sk7mobile.com/prod/data/callingPlanList.do?refCode=USIM,2026-05-07T13:30:51.918Z
SK세븐모바일,LTE 안심 (5GB+/1000분),PD00000415,5GB,5GB,400Kbps,400Kbps,1000분,1000건,"월 10,120원",10120,,,유심,false,LTE,전체,https://www.sk7mobile.com/prod/data/callingPlanList.do?refCode=USIM,2026-05-07T13:30:51.918Z
SK세븐모바일,LTE 안심차단 (5GB/1000분),PC0RB00502,5GB,5GB,,,1000분,1000건,"월 7,900원",7900,,,유심,false,LTE,전체,https://www.sk7mobile.com/prod/data/callingPlanList.do?refCode=USIM,2026-05-07T13:30:51.918Z
SK세븐모바일,LTE 안심차단 (3GB/1000분),PC0RB00503,3GB,3GB,,,1000분,1000건,"월 6,600원",6600,,,유심,false,LTE,전체,https://www.sk7mobile.com/prod/data/callingPlanList.do?refCode=USIM,2026-05-07T13:30:51.918Z
SK세븐모바일,LTE 안심차단 (1GB/1000분),PC0RB00504,1GB,1GB,,,1000분,1000건,"월 5,500원",5500,,,유심,false,LTE,전체,https://www.sk7mobile.com/prod/data/callingPlanList.do?refCode=USIM,2026-05-07T13:30:51.918Z
SK세븐모바일,LTE 유심 (10GB/100분),PD00000402,10GB,10GB,,,100분,100건,"월 10,200원",10200,,,유심,false,LTE,전체,https://www.sk7mobile.com/prod/data/callingPlanList.do?refCode=USIM,2026-05-07T13:30:51.918Z
SK세븐모바일,LTE 유심 (8GB/100분),PC0RB00545,8GB,8GB,,,100분,100건,"월 8,900원",8900,,,유심,false,LTE,전체,https://www.sk7mobile.com/prod/data/callingPlanList.do?refCode=USIM,2026-05-07T13:30:51.918Z
SK세븐모바일,LTE 유심 (5GB/100분),PD00000287,5GB,5GB,,,100분,100건,"월 7,900원",7900,,,유심,false,LTE,전체,https://www.sk7mobile.com/prod/data/callingPlanList.do?refCode=USIM,2026-05-07T13:30:51.918Z
SK세븐모바일,LTE 유심 (3GB/200분),PD00000325,3GB,3GB,,,200분,100건,"월 6,900원",6900,,,유심,false,LTE,전체,https://www.sk7mobile.com/prod/data/callingPlanList.do?refCode=USIM,2026-05-07T13:30:51.918Z
SK세븐모바일,LTE 유심 (3GB/100분),PD00000285,3GB,3GB,,,100분,100건,"월 4,900원",4900,,,유심,false,LTE,전체,https://www.sk7mobile.com/prod/data/callingPlanList.do?refCode=USIM,2026-05-07T13:30:51.918Z
SK세븐모바일,LTE 유심 (1GB/200분),PD00000324,1GB,1GB,,,200분,100건,"월 4,510원",4510,,,유심,false,LTE,전체,https://www.sk7mobile.com/prod/data/callingPlanList.do?refCode=USIM,2026-05-07T13:30:51.918Z
SK세븐모바일,LTE 유심 (1GB/100분),PD00000284,1GB,1GB,,,100분,100건,"월 3,900원",3900,,,유심,false,LTE,전체,https://www.sk7mobile.com/prod/data/callingPlanList.do?refCode=USIM,2026-05-07T13:30:51.918Z
SK세븐모바일,LTE 유심 (1GB/50분),PD00000420,1GB,1GB,,,50분,50건,"월 3,300원",3300,,,유심,false,LTE,전체,https://www.sk7mobile.com/prod/data/callingPlanList.do?refCode=USIM,2026-05-07T13:30:51.918Z
SK세븐모바일,LTE 유심 (500MB/100분),PD00000341,500MB,500MB,,,100분,100건,"월 2,900원",2900,,,유심,false,LTE,전체,https://www.sk7mobile.com/prod/data/callingPlanList.do?refCode=USIM,2026-05-07T13:30:51.918Z
SK세븐모바일,LTE 유심 (500MB/60분),PD00000421,500MB,500MB,,,60분,50건,"월 1,900원",1900,,,유심,false,LTE,전체,https://www.sk7mobile.com/prod/data/callingPlanList.do?refCode=USIM,2026-05-07T13:30:51.918Z
SK세븐모바일,폰케어팩 (100GB+/통화맘껏),PC0RB00549,100GB,100GB,5Mbps,5Mbps,기본제공,기본제공,"월 42,000원",42000,,,유심,false,LTE,전체,https://www.sk7mobile.com/prod/data/callingPlanList.do?refCode=USIM,2026-05-07T13:30:51.918Z
SK세븐모바일,폰케어팩 (11GB+/통화맘껏),PC0RB00551,11GB,11GB,3Mbps,3Mbps,기본제공,기본제공,"월 34,100원",34100,,,유심,false,LTE,전체,https://www.sk7mobile.com/prod/data/callingPlanList.do?refCode=USIM,2026-05-07T13:30:51.918Z
SK세븐모바일,폰케어팩 (10GB+/통화맘껏),PC0RB00548,10GB,10GB,1Mbps,1Mbps,기본제공,기본제공,"월 20,000원",20000,,,유심,false,LTE,전체,https://www.sk7mobile.com/prod/data/callingPlanList.do?refCode=USIM,2026-05-07T13:30:51.918Z
SK세븐모바일,폰케어팩 (7GB+/통화맘껏),PC0RB00550,7GB,7GB,1Mbps,1Mbps,기본제공,기본제공,"월 18,000원",18000,,,유심,false,LTE,전체,https://www.sk7mobile.com/prod/data/callingPlanList.do?refCode=USIM,2026-05-07T13:30:51.918Z
SK세븐모바일,롯데시네마 (11GB+/통화맘껏),PC0RB00533,11GB,11GB,3Mbps,3Mbps,기본제공,기본제공,"월 37,600원",37600,,,유심,false,LTE,전체,https://www.sk7mobile.com/prod/data/callingPlanList.do?refCode=USIM,2026-05-07T13:30:51.918Z
SK세븐모바일,롯데시네마 (7GB+/통화맘껏),PC0RB00532,7GB,7GB,1Mbps,1Mbps,기본제공,기본제공,"월 21,600원",21600,,,유심,false,LTE,전체,https://www.sk7mobile.com/prod/data/callingPlanList.do?refCode=USIM,2026-05-07T13:30:51.918Z
SK세븐모바일,10% 포인트 (11GB+/통화맘껏),PD00000351,11GB,11GB,3Mbps,3Mbps,기본제공,기본제공,"월 37,400원",37400,,,유심,false,LTE,전체,https://www.sk7mobile.com/prod/data/callingPlanList.do?refCode=USIM,2026-05-07T13:30:51.918Z
SK세븐모바일,10% 포인트 (15GB+/100분),PD00000350,15GB,15GB,3Mbps,3Mbps,100분,100건,"월 27,500원",27500,,,유심,false,LTE,전체,https://www.sk7mobile.com/prod/data/callingPlanList.do?refCode=USIM,2026-05-07T13:30:51.918Z
SK세븐모바일,10% 포인트 (10GB+/통화맘껏),PC0RB00483,10GB,10GB,1Mbps,1Mbps,기본제공,기본제공,"월 22,000원",22000,,,유심,false,LTE,전체,https://www.sk7mobile.com/prod/data/callingPlanList.do?refCode=USIM,2026-05-07T13:30:51.918Z
SK세븐모바일,10% 포인트 (7GB+/통화맘껏),PD00000379,7GB,7GB,1Mbps,1Mbps,기본제공,기본제공,"월 19,800원",19800,,,유심,false,LTE,전체,https://www.sk7mobile.com/prod/data/callingPlanList.do?refCode=USIM,2026-05-07T13:30:51.918Z
SK세븐모바일,10% 포인트 (5GB+/200분),PD00000387,5GB,5GB,1Mbps,1Mbps,200분,100건,"월 17,600원",17600,,,유심,false,LTE,전체,https://www.sk7mobile.com/prod/data/callingPlanList.do?refCode=USIM,2026-05-07T13:30:51.918Z
SK세븐모바일,10% 포인트 (3GB+/200분),PD00000386,3GB,3GB,1Mbps,1Mbps,200분,100건,"월 15,180원",15180,,,유심,false,LTE,전체,https://www.sk7mobile.com/prod/data/callingPlanList.do?refCode=USIM,2026-05-07T13:30:51.918Z
SK세븐모바일,10% 포인트 (10GB/2000분),PD00000403,10GB,10GB,,,2000분,2000건,"월 14,190원",14190,,,유심,false,LTE,전체,https://www.sk7mobile.com/prod/data/callingPlanList.do?refCode=USIM,2026-05-07T13:30:51.918Z
SK세븐모바일,10% 포인트 (6GB/200분),PD00000347,6GB,6GB,,,200분,100건,"월 11,770원",11770,,,유심,false,LTE,전체,https://www.sk7mobile.com/prod/data/callingPlanList.do?refCode=USIM,2026-05-07T13:30:51.918Z
SK세븐모바일,10% 포인트 (4GB/200분),PD00000348,4GB,4GB,,,200분,100건,"월 11,220원",11220,,,유심,false,LTE,전체,https://www.sk7mobile.com/prod/data/callingPlanList.do?refCode=USIM,2026-05-07T13:30:51.918Z
SK세븐모바일,10% 포인트 (2GB/200분),PD00000349,2GB,2GB,,,200분,100건,"월 7,590원",7590,,,유심,false,LTE,전체,https://www.sk7mobile.com/prod/data/callingPlanList.do?refCode=USIM,2026-05-07T13:30:51.918Z
SK세븐모바일,FLO 유심 (11GB+/통화맘껏),PC0RB00427,11GB,11GB,3Mbps,3Mbps,기본제공,기본제공,"월 39,300원",39300,,,유심,false,LTE,전체,https://www.sk7mobile.com/prod/data/callingPlanList.do?refCode=USIM,2026-05-07T13:30:51.918Z
SK세븐모바일,5G 유심 (200GB+/통화맘껏),PD00000316,200GB,200GB,5Mbps,5Mbps,기본제공,기본제공,"월 49,500원",49500,,,유심,false,5G,전체,https://www.sk7mobile.com/prod/data/callingPlanList.do?refCode=USIM,2026-05-07T13:30:51.918Z
SK세븐모바일,5G 유심 (110GB+/통화맘껏),PD00000398,110GB,110GB,5Mbps,5Mbps,기본제공,기본제공,"월 45,100원",45100,,,유심,false,5G,전체,https://www.sk7mobile.com/prod/data/callingPlanList.do?refCode=USIM,2026-05-07T13:30:51.918Z
SK세븐모바일,5G 유심 (99GB+/통화맘껏),PC0RB00465,99GB,99GB,1Mbps,1Mbps,기본제공,기본제공,"월 44,000원",44000,,,유심,false,5G,전체,https://www.sk7mobile.com/prod/data/callingPlanList.do?refCode=USIM,2026-05-07T13:30:51.918Z
SK세븐모바일,5G 유심 (74GB+/통화맘껏),PC0RB00466,74GB,74GB,1Mbps,1Mbps,기본제공,기본제공,"월 42,900원",42900,,,유심,false,5G,전체,https://www.sk7mobile.com/prod/data/callingPlanList.do?refCode=USIM,2026-05-07T13:30:51.918Z
SK세븐모바일,5G 유심 (54GB+/통화맘껏),PC0RB00467,54GB,54GB,1Mbps,1Mbps,기본제공,기본제공,"월 41,800원",41800,,,유심,false,5G,전체,https://www.sk7mobile.com/prod/data/callingPlanList.do?refCode=USIM,2026-05-07T13:30:51.918Z
SK세븐모바일,5G 유심 (37GB+/통화맘껏),PC0RB00557,37GB,37GB,1Mbps,1Mbps,기본제공,기본제공,"월 40,700원",40700,,,유심,false,5G,전체,https://www.sk7mobile.com/prod/data/callingPlanList.do?refCode=USIM,2026-05-07T13:30:51.918Z
SK세븐모바일,5G 유심 (24GB+/통화맘껏),PD00000418,24GB,24GB,1Mbps,1Mbps,기본제공,기본제공,"월 38,500원",38500,,,유심,false,5G,전체,https://www.sk7mobile.com/prod/data/callingPlanList.do?refCode=USIM,2026-05-07T13:30:51.918Z
SK세븐모바일,5G 유심 (15GB+/통화맘껏),PD00000317,15GB,15GB,1Mbps,1Mbps,기본제공,기본제공,"월 35,200원",35200,,,유심,false,5G,전체,https://www.sk7mobile.com/prod/data/callingPlanList.do?refCode=USIM,2026-05-07T13:30:51.918Z
SK세븐모바일,5G 유심 (11GB+/통화맘껏),PD00000419,11GB,11GB,400Kbps,400Kbps,기본제공,기본제공,"월 31,900원",31900,,,유심,false,5G,전체,https://www.sk7mobile.com/prod/data/callingPlanList.do?refCode=USIM,2026-05-07T13:30:51.918Z
SK세븐모바일,5G 유심 (8GB+/통화맘껏),PC0RB00558,8GB,8GB,400Kbps,400Kbps,기본제공,기본제공,"월 28,600원",28600,,,유심,false,5G,전체,https://www.sk7mobile.com/prod/data/callingPlanList.do?refCode=USIM,2026-05-07T13:30:51.918Z
SK세븐모바일,5G 유심 (6GB+/통화맘껏),PC0RB00559,6GB,6GB,400Kbps,400Kbps,기본제공,기본제공,"월 25,300원",25300,,,유심,false,5G,전체,https://www.sk7mobile.com/prod/data/callingPlanList.do?refCode=USIM,2026-05-07T13:30:51.918Z
SK세븐모바일,5G 안심 (20GB+/2000분),PC0RB00583,20GB,20GB,400Kbps,400Kbps,2000분,2000건,"월 19,900원",19900,,,유심,false,5G,전체,https://www.sk7mobile.com/prod/data/callingPlanList.do?refCode=USIM,2026-05-07T13:30:51.918Z
SK세븐모바일,5G 유심 (20GB/1000분),PC0RB00552,20GB,20GB,,,1000분,100건,"월 17,900원",17900,,,유심,false,5G,전체,https://www.sk7mobile.com/prod/data/callingPlanList.do?refCode=USIM,2026-05-07T13:30:51.918Z
SK세븐모바일,5G 안심 (15GB+/2000분),PC0RB00584,15GB,15GB,400Kbps,400Kbps,2000분,2000건,"월 16,900원",16900,,,유심,false,5G,전체,https://www.sk7mobile.com/prod/data/callingPlanList.do?refCode=USIM,2026-05-07T13:30:51.918Z
SK세븐모바일,5G 유심 (15GB/1000분),PC0RB00553,15GB,15GB,,,1000분,100건,"월 14,900원",14900,,,유심,false,5G,전체,https://www.sk7mobile.com/prod/data/callingPlanList.do?refCode=USIM,2026-05-07T13:30:51.918Z
SK세븐모바일,5G 안심 (10GB+/2000분),PC0RB00585,10GB,10GB,400Kbps,400Kbps,2000분,2000건,"월 13,900원",13900,,,유심,false,5G,전체,https://www.sk7mobile.com/prod/data/callingPlanList.do?refCode=USIM,2026-05-07T13:30:51.918Z
SK세븐모바일,5G 안심 (8GB+/2000분),PC0RB00586,8GB,8GB,400Kbps,400Kbps,2000분,2000건,"월 12,900원",12900,,,유심,false,5G,전체,https://www.sk7mobile.com/prod/data/callingPlanList.do?refCode=USIM,2026-05-07T13:30:51.918Z
SK세븐모바일,5G 유심 (9GB/1000분),PD00000375,9GB,9GB,,,1000분,100건,"월 11,900원",11900,,,유심,false,5G,전체,https://www.sk7mobile.com/prod/data/callingPlanList.do?refCode=USIM,2026-05-07T13:30:51.918Z
SK세븐모바일,5G 안심 (6GB+/2000분),PC0RB00587,6GB,6GB,400Kbps,400Kbps,2000분,2000건,"월 11,900원",11900,,,유심,false,5G,전체,https://www.sk7mobile.com/prod/data/callingPlanList.do?refCode=USIM,2026-05-07T13:30:51.918Z
SK세븐모바일,5G 유심 (10GB/200분),PC0RB00554,10GB,10GB,,,200분,100건,"월 9,900원",9900,,,유심,false,5G,전체,https://www.sk7mobile.com/prod/data/callingPlanList.do?refCode=USIM,2026-05-07T13:30:51.918Z
SK세븐모바일,5G 유심 (7GB/1000분),PD00000376,7GB,7GB,,,1000분,100건,"월 9,900원",9900,,,유심,false,5G,전체,https://www.sk7mobile.com/prod/data/callingPlanList.do?refCode=USIM,2026-05-07T13:30:51.918Z
SK세븐모바일,5G 유심 (5GB/1000분),PD00000377,5GB,5GB,,,1000분,100건,"월 8,900원",8900,,,유심,false,5G,전체,https://www.sk7mobile.com/prod/data/callingPlanList.do?refCode=USIM,2026-05-07T13:30:51.918Z
SK세븐모바일,5G 유심 (6GB/200분),PC0RB00555,6GB,6GB,,,200분,100건,"월 7,900원",7900,,,유심,false,5G,전체,https://www.sk7mobile.com/prod/data/callingPlanList.do?refCode=USIM,2026-05-07T13:30:51.918Z
SK세븐모바일,5G 유심 (3GB/1000분),PC0RB00373,3GB,3GB,,,1000분,100건,"월 6,900원",6900,,,유심,false,5G,전체,https://www.sk7mobile.com/prod/data/callingPlanList.do?refCode=USIM,2026-05-07T13:30:51.918Z
SK세븐모바일,5G 유심 (3GB/200분),PC0RB00556,3GB,3GB,,,200분,100건,"월 6,900원",6900,,,유심,false,5G,전체,https://www.sk7mobile.com/prod/data/callingPlanList.do?refCode=USIM,2026-05-07T13:30:51.918Z
SK세븐모바일,5G 유심 (1GB/500분),PD00000408,1GB,1GB,,,500분,100건,"월 5,500원",5500,,,유심,false,5G,전체,https://www.sk7mobile.com/prod/data/callingPlanList.do?refCode=USIM,2026-05-07T13:30:51.918Z
SK세븐모바일,번개유심 (11GB+/통화맘껏),PD00000308,11GB,11GB,3Mbps,3Mbps,기본제공,기본제공,"월 34,100원",34100,,,유심,false,LTE,전체,https://www.sk7mobile.com/prod/data/callingPlanList.do?refCode=USIM,2026-05-07T13:30:51.918Z
SK세븐모바일,번개 유심 15GB+,PD00000312,15GB,15GB,3Mbps,3Mbps,100분,100건,"월 25,300원",25300,,,유심,false,LTE,전체,https://www.sk7mobile.com/prod/data/callingPlanList.do?refCode=USIM,2026-05-07T13:30:51.918Z
SK세븐모바일,번개 유심 (10GB+/통화맘껏),PC0RB00481,10GB,10GB,1Mbps,1Mbps,기본제공,기본제공,"월 20,000원",20000,,,유심,false,LTE,전체,https://www.sk7mobile.com/prod/data/callingPlanList.do?refCode=USIM,2026-05-07T13:30:51.918Z
SK세븐모바일,번개 유심 (7GB+/통화맘껏),PD00000381,7GB,7GB,1Mbps,1Mbps,기본제공,기본제공,"월 18,000원",18000,,,유심,false,LTE,전체,https://www.sk7mobile.com/prod/data/callingPlanList.do?refCode=USIM,2026-05-07T13:30:51.918Z
SK세븐모바일,번개 유심 (5GB+/200분),PD00000391,5GB,5GB,1Mbps,1Mbps,200분,100건,"월 16,060원",16060,,,유심,false,LTE,전체,https://www.sk7mobile.com/prod/data/callingPlanList.do?refCode=USIM,2026-05-07T13:30:51.918Z
SK세븐모바일,번개 유심 (3GB+/200분),PD00000390,3GB,3GB,1Mbps,1Mbps,200분,100건,"월 13,860원",13860,,,유심,false,LTE,전체,https://www.sk7mobile.com/prod/data/callingPlanList.do?refCode=USIM,2026-05-07T13:30:51.918Z
SK세븐모바일,번개 유심 (10GB/2000분),PD00000405,10GB,10GB,,,2000분,2000건,"월 13,000원",13000,,,유심,false,LTE,전체,https://www.sk7mobile.com/prod/data/callingPlanList.do?refCode=USIM,2026-05-07T13:30:51.918Z
SK세븐모바일,번개 유심 (1GB+/통화맘껏),PC0RB00478,1GB,1GB,1Mbps,1Mbps,기본제공,기본제공,"월 11,000원",11000,,,유심,false,LTE,전체,https://www.sk7mobile.com/prod/data/callingPlanList.do?refCode=USIM,2026-05-07T13:30:51.918Z
SK세븐모바일,번개 유심 (6GB/2000분),PD00000331,6GB,6GB,,,2000분,2000건,"월 9,900원",9900,,,유심,false,LTE,전체,https://www.sk7mobile.com/prod/data/callingPlanList.do?refCode=USIM,2026-05-07T13:30:51.918Z
SK세븐모바일,번개 유심 (4GB/2000분),PD00000330,4GB,4GB,,,2000분,2000건,"월 7,700원",7700,,,유심,false,LTE,전체,https://www.sk7mobile.com/prod/data/callingPlanList.do?refCode=USIM,2026-05-07T13:30:51.918Z
SK세븐모바일,번개 유심 (2GB/2000분),PD00000329,2GB,2GB,,,2000분,2000건,"월 6,600원",6600,,,유심,false,LTE,전체,https://www.sk7mobile.com/prod/data/callingPlanList.do?refCode=USIM,2026-05-07T13:30:51.918Z
SK세븐모바일,LTE 복지 유심 (5GB/100분),PD00000413,5GB,5GB,,,100분,100건,"월 8,800원",8800,,,유심,false,LTE,전체,https://www.sk7mobile.com/prod/data/callingPlanList.do?refCode=USIM,2026-05-07T13:30:51.918Z
SK세븐모바일,5G 태블릿 10GB+,PD00000422,10GB,10GB,400Kbps,400Kbps,0분,0건,"월 15,400원",15400,,,유심,false,5G,전체,https://www.sk7mobile.com/prod/data/callingPlanList.do?refCode=USIM,2026-05-07T13:30:51.918Z
SK세븐모바일,5G 태블릿 5GB+,PD00000424,5GB,5GB,400Kbps,400Kbps,0분,0건,"월 12,100원",12100,,,유심,false,5G,전체,https://www.sk7mobile.com/prod/data/callingPlanList.do?refCode=USIM,2026-05-07T13:30:51.918Z
SK세븐모바일,5G 태블릿 10GB,PD00000423,10GB,10GB,,,0분,0건,"월 11,000원",11000,,,유심,false,5G,전체,https://www.sk7mobile.com/prod/data/callingPlanList.do?refCode=USIM,2026-05-07T13:30:51.918Z
SK세븐모바일,5G 태블릿 5GB,PD00000425,5GB,5GB,,,0분,0건,"월 7,700원",7700,,,유심,false,5G,전체,https://www.sk7mobile.com/prod/data/callingPlanList.do?refCode=USIM,2026-05-07T13:30:51.918Z
SK세븐모바일,[Online] 5G CMLink (110GB+),PC0RB00523,110GB,110GB,5Mbps,5Mbps,기본제공,기본제공,"월 50,600원",50600,,,유심,false,5G,전체,https://www.sk7mobile.com/prod/data/callingPlanList.do?refCode=USIM,2026-05-07T13:30:51.918Z
SK세븐모바일,[Online] CMLink (100GB+),PC0RB00531,100GB,100GB,5Mbps,5Mbps,기본제공,기본제공,"월 47,850원",47850,,,유심,false,LTE,전체,https://www.sk7mobile.com/prod/data/callingPlanList.do?refCode=USIM,2026-05-07T13:30:51.918Z
SK세븐모바일,[Online] 5G CMLink (24GB+),PC0RB00522,24GB,24GB,1Mbps,1Mbps,기본제공,기본제공,"월 44,550원",44550,,,유심,false,5G,전체,https://www.sk7mobile.com/prod/data/callingPlanList.do?refCode=USIM,2026-05-07T13:30:51.918Z
SK세븐모바일,[Online] CMLink (11GB+),PC0RB00530,11GB,11GB,3Mbps,3Mbps,기본제공,기본제공,"월 41,200원",41200,,,유심,false,LTE,전체,https://www.sk7mobile.com/prod/data/callingPlanList.do?refCode=USIM,2026-05-07T13:30:51.918Z
SK세븐모바일,[Online] CMLink (15GB+),PC0RB00529,15GB,15GB,3Mbps,3Mbps,100분,100건,"월 30,800원",30800,,,유심,false,LTE,전체,https://www.sk7mobile.com/prod/data/callingPlanList.do?refCode=USIM,2026-05-07T13:30:51.918Z
SK세븐모바일,[Online] CMLink (10GB+),PC0RB00528,10GB,10GB,1Mbps,1Mbps,기본제공,기본제공,"월 24,700원",24700,,,유심,false,LTE,전체,https://www.sk7mobile.com/prod/data/callingPlanList.do?refCode=USIM,2026-05-07T13:30:51.918Z
SK세븐모바일,[Online] CMLink (7GB+),PC0RB00527,7GB,7GB,1Mbps,1Mbps,기본제공,기본제공,"월 24,200원",24200,,,유심,false,LTE,전체,https://www.sk7mobile.com/prod/data/callingPlanList.do?refCode=USIM,2026-05-07T13:30:51.918Z
SK세븐모바일,[Online] CMLink (1GB+),PC0RB00526,1GB,1GB,1Mbps,1Mbps,기본제공,기본제공,"월 18,400원",18400,,,유심,false,LTE,전체,https://www.sk7mobile.com/prod/data/callingPlanList.do?refCode=USIM,2026-05-07T13:30:51.918Z
SK세븐모바일,LTE 온라인 데이터 S6,PD00000239,5GB,5GB,,,100분,0건,"월 31,900원",31900,,,휴대폰,false,LTE,전체,https://www.sk7mobile.com/prod/data/callingPlanList.do?refCode=PHONE&searchOrderby=1,2026-05-07T13:30:55.419Z
SK세븐모바일,LTE 온라인 데이터 S5,PD00000240,4GB,4GB,,,100분,0건,"월 28,600원",28600,,,휴대폰,false,LTE,전체,https://www.sk7mobile.com/prod/data/callingPlanList.do?refCode=PHONE&searchOrderby=1,2026-05-07T13:30:55.419Z
SK세븐모바일,LTE 온라인 데이터 S4,PD00000241,3GB,3GB,,,80분,0건,"월 25,300원",25300,,,휴대폰,false,LTE,전체,https://www.sk7mobile.com/prod/data/callingPlanList.do?refCode=PHONE&searchOrderby=1,2026-05-07T13:30:55.419Z
SK세븐모바일,LTE 온라인 데이터 S3,PD00000242,2GB,2GB,,,80분,0건,"월 20,900원",20900,,,휴대폰,false,LTE,전체,https://www.sk7mobile.com/prod/data/callingPlanList.do?refCode=PHONE&searchOrderby=1,2026-05-07T13:30:55.419Z
SK세븐모바일,LTE 온라인 데이터 S2,PD00000243,1GB,1GB,,,60분,0건,"월 17,600원",17600,,,휴대폰,false,LTE,전체,https://www.sk7mobile.com/prod/data/callingPlanList.do?refCode=PHONE&searchOrderby=1,2026-05-07T13:30:55.419Z
SK세븐모바일,LTE 온라인 데이터 S1,PD00000244,500MB,500MB,,,60분,0건,"월 14,300원",14300,,,휴대폰,false,LTE,전체,https://www.sk7mobile.com/prod/data/callingPlanList.do?refCode=PHONE&searchOrderby=1,2026-05-07T13:30:55.419Z
SK세븐모바일,LTE 온라인 6GB,PD00000226,6GB,6GB,,,150분,50건,"월 38,500원",38500,,,휴대폰,false,LTE,전체,https://www.sk7mobile.com/prod/data/callingPlanList.do?refCode=PHONE&searchOrderby=1,2026-05-07T13:30:55.419Z
SK세븐모바일,LTE 온라인 4.5GB,PD00000225,4.5GB,4.5GB,,,150분,50건,"월 33,000원",33000,,,휴대폰,false,LTE,전체,https://www.sk7mobile.com/prod/data/callingPlanList.do?refCode=PHONE&searchOrderby=1,2026-05-07T13:30:55.419Z
SK세븐모바일,LTE 온라인 3GB,PD00000212,3GB,3GB,,,120분,50건,"월 27,500원",27500,,,휴대폰,false,LTE,전체,https://www.sk7mobile.com/prod/data/callingPlanList.do?refCode=PHONE&searchOrderby=1,2026-05-07T13:30:55.419Z
SK세븐모바일,LTE 온라인 2GB,PD00000211,2GB,2GB,,,80분,50건,"월 22,000원",22000,,,휴대폰,false,LTE,전체,https://www.sk7mobile.com/prod/data/callingPlanList.do?refCode=PHONE&searchOrderby=1,2026-05-07T13:30:55.419Z
SK세븐모바일,LTE 온라인 1GB,PD00000210,1GB,1GB,,,50분,0건,"월 16,500원",16500,,,휴대폰,false,LTE,전체,https://www.sk7mobile.com/prod/data/callingPlanList.do?refCode=PHONE&searchOrderby=1,2026-05-07T13:30:55.419Z
SK세븐모바일,LTE 온라인 500MB,PD00000209,500MB,500MB,,,30분,0건,"월 11,000원",11000,,,휴대폰,false,LTE,전체,https://www.sk7mobile.com/prod/data/callingPlanList.do?refCode=PHONE&searchOrderby=1,2026-05-07T13:30:55.419Z
SK세븐모바일,LTE 베이직,PD00000333,100MB,100MB,,,기본제공,100건,"월 16,500원",16500,,,휴대폰,false,LTE,전체,https://www.sk7mobile.com/prod/data/callingPlanList.do?refCode=PHONE&searchOrderby=1,2026-05-07T13:30:55.419Z
SK세븐모바일,LTE 온라인 음성 S6,PD00000227,1GB,1GB,,,240분,50건,"월 26,400원",26400,,,휴대폰,false,LTE,전체,https://www.sk7mobile.com/prod/data/callingPlanList.do?refCode=PHONE&searchOrderby=1,2026-05-07T13:30:55.419Z
SK세븐모바일,LTE 온라인 음성 S5,PD00000228,500MB,500MB,,,180분,50건,"월 23,100원",23100,,,휴대폰,false,LTE,전체,https://www.sk7mobile.com/prod/data/callingPlanList.do?refCode=PHONE&searchOrderby=1,2026-05-07T13:30:55.419Z
SK세븐모바일,LTE 온라인 음성 S4,PD00000229,300MB,300MB,,,150분,50건,"월 19,800원",19800,,,휴대폰,false,LTE,전체,https://www.sk7mobile.com/prod/data/callingPlanList.do?refCode=PHONE&searchOrderby=1,2026-05-07T13:30:55.419Z
SK세븐모바일,LTE 온라인 음성 S3,PD00000230,300MB,300MB,,,120분,50건,"월 16,500원",16500,,,휴대폰,false,LTE,전체,https://www.sk7mobile.com/prod/data/callingPlanList.do?refCode=PHONE&searchOrderby=1,2026-05-07T13:30:55.419Z
SK세븐모바일,LTE 온라인 음성 S2,PD00000231,100MB,100MB,,,90분,50건,"월 13,200원",13200,,,휴대폰,false,LTE,전체,https://www.sk7mobile.com/prod/data/callingPlanList.do?refCode=PHONE&searchOrderby=1,2026-05-07T13:30:55.419Z
SK세븐모바일,LTE 온라인 음성 S1,PD00000232,100MB,100MB,,,60분,50건,"월 9,900원",9900,,,휴대폰,false,LTE,전체,https://www.sk7mobile.com/prod/data/callingPlanList.do?refCode=PHONE&searchOrderby=1,2026-05-07T13:30:55.419Z
SK세븐모바일,데이터중심11GB_LTE,PD00000145,11GB,11GB,3Mbps,3Mbps,기본제공,기본제공,"월 62,700원",62700,,,휴대폰,false,LTE,전체,https://www.sk7mobile.com/prod/data/callingPlanList.do?refCode=PHONE&searchOrderby=1,2026-05-07T13:30:55.419Z
SK세븐모바일,데이터중심6.5GB_LTE,PD00000138,6.5GB,6.5GB,,,기본제공,기본제공,"월 52,800원",52800,,,휴대폰,false,LTE,전체,https://www.sk7mobile.com/prod/data/callingPlanList.do?refCode=PHONE&searchOrderby=1,2026-05-07T13:30:55.419Z
SK세븐모바일,데이터중심3.5GB_LTE,PD00000137,3.5GB,3.5GB,,,기본제공,기본제공,"월 48,400원",48400,,,휴대폰,false,LTE,전체,https://www.sk7mobile.com/prod/data/callingPlanList.do?refCode=PHONE&searchOrderby=1,2026-05-07T13:30:55.419Z
SK세븐모바일,데이터중심2.2GB_LTE,PD00000136,2.2GB,2.2GB,,,기본제공,기본제공,"월 42,900원",42900,,,휴대폰,false,LTE,전체,https://www.sk7mobile.com/prod/data/callingPlanList.do?refCode=PHONE&searchOrderby=1,2026-05-07T13:30:55.419Z
SK세븐모바일,데이터중심1.2GB_LTE,PD00000135,1.2GB,1.2GB,,,기본제공,기본제공,"월 36,300원",36300,,,휴대폰,false,LTE,전체,https://www.sk7mobile.com/prod/data/callingPlanList.do?refCode=PHONE&searchOrderby=1,2026-05-07T13:30:55.419Z
SK세븐모바일,데이터중심300MB_LTE,PD00000134,300MB,300MB,,,기본제공,기본제공,"월 31,790원",31790,,,휴대폰,false,LTE,전체,https://www.sk7mobile.com/prod/data/callingPlanList.do?refCode=PHONE&searchOrderby=1,2026-05-07T13:30:55.419Z
SK세븐모바일,NEW 청소년LTE34,PD00000085,"기본 제공 혜택 37,400원(데이터/음성/문자)+데이터(1G)","기본 제공 혜택 37,400원(데이터/음성/문자)+데이터(1G)",,,기본제공,기본제공,"월 29,700원",29700,,,휴대폰,false,LTE,전체,https://www.sk7mobile.com/prod/data/callingPlanList.do?refCode=PHONE&searchOrderby=1,2026-05-07T13:30:55.419Z
SK세븐모바일,LTE 청소년 데이터,PD00000084,"기본 제공 혜택 30,800원(데이터/음성/문자)+데이터(650MB)","기본 제공 혜택 30,800원(데이터/음성/문자)+데이터(650MB)",,,기본제공,기본제공,"월 26,400원",26400,,,휴대폰,false,LTE,전체,https://www.sk7mobile.com/prod/data/callingPlanList.do?refCode=PHONE&searchOrderby=1,2026-05-07T13:30:55.419Z
SK세븐모바일,LTE 공부 Level 2,PD00000224,"90분+SMS 기준 1,800건 상당(39,600원)","90분+SMS 기준 1,800건 상당(39,600원)",,,기본제공,기본제공,"월 28,600원",28600,,,휴대폰,false,LTE,전체,https://www.sk7mobile.com/prod/data/callingPlanList.do?refCode=PHONE&searchOrderby=1,2026-05-07T13:30:55.419Z
SK세븐모바일,LTE 하이 공부 Level 2,PD00000270,0MB,0MB,,,85분,1850건,"월 28,600원",28600,,,휴대폰,false,LTE,전체,https://www.sk7mobile.com/prod/data/callingPlanList.do?refCode=PHONE&searchOrderby=1,2026-05-07T13:30:55.419Z
SK세븐모바일,LTE 공부 Level 1,PD00000223,"60분+SMS 기준 1,200건 상당(26,400원)","60분+SMS 기준 1,200건 상당(26,400원)",,,기본제공,기본제공,"월 23,100원",23100,,,휴대폰,false,LTE,전체,https://www.sk7mobile.com/prod/data/callingPlanList.do?refCode=PHONE&searchOrderby=1,2026-05-07T13:30:55.419Z
SK세븐모바일,LTE 하이 공부 Level 1,PD00000269,0MB,0MB,,,55분,1250건,"월 23,100원",23100,,,휴대폰,false,LTE,전체,https://www.sk7mobile.com/prod/data/callingPlanList.do?refCode=PHONE&searchOrderby=1,2026-05-07T13:30:55.419Z
SK세븐모바일,5G (200GB+),PD00000321,200GB,200GB,5Mbps,5Mbps,기본제공,기본제공,"월 71,500원",71500,,,휴대폰,false,5G,전체,https://www.sk7mobile.com/prod/data/callingPlanList.do?refCode=PHONE&searchOrderby=1,2026-05-07T13:30:55.419Z
SK세븐모바일,5G (15GB+),PD00000322,15GB,15GB,1Mbps,1Mbps,기본제공,기본제공,"월 49,500원",49500,,,휴대폰,false,5G,전체,https://www.sk7mobile.com/prod/data/callingPlanList.do?refCode=PHONE&searchOrderby=1,2026-05-07T13:30:55.419Z
SK세븐모바일,5G 온라인 (9GB/1000분),PD00000362,9GB,9GB,,,1000분,100건,"월 36,300원",36300,,,휴대폰,false,5G,전체,https://www.sk7mobile.com/prod/data/callingPlanList.do?refCode=PHONE&searchOrderby=1,2026-05-07T13:30:55.419Z
SK세븐모바일,5G 온라인 (6GB/1000분),PD00000363,6GB,6GB,,,1000분,100건,"월 30,800원",30800,,,휴대폰,false,5G,전체,https://www.sk7mobile.com/prod/data/callingPlanList.do?refCode=PHONE&searchOrderby=1,2026-05-07T13:30:55.419Z
SK세븐모바일,5G 온라인 (2GB/100분),PD00000365,2GB,2GB,,,100분,100건,"월 19,800원",19800,,,휴대폰,false,5G,전체,https://www.sk7mobile.com/prod/data/callingPlanList.do?refCode=PHONE&searchOrderby=1,2026-05-07T13:30:55.419Z
SK세븐모바일,5G 온라인 (1GB/100분),PD00000366,1GB,1GB,,,100분,100건,"월 17,600원",17600,,,휴대폰,false,5G,전체,https://www.sk7mobile.com/prod/data/callingPlanList.do?refCode=PHONE&searchOrderby=1,2026-05-07T13:30:55.419Z
SK세븐모바일,5G 온라인 (500MB/100분),PD00000410,500MB,500MB,,,100분,100건,"월 13,200원",13200,,,휴대폰,false,5G,전체,https://www.sk7mobile.com/prod/data/callingPlanList.do?refCode=PHONE&searchOrderby=1,2026-05-07T13:30:55.419Z
SK세븐모바일,LTE 복지 데이터 (5GB/100분),PD00000412,5GB,5GB,,,100분,0건,"월 24,420원",24420,,,휴대폰,false,LTE,전체,https://www.sk7mobile.com/prod/data/callingPlanList.do?refCode=PHONE&searchOrderby=1,2026-05-07T13:30:55.419Z
SK세븐모바일,LTE 복지 음성 (1GB/240분),PD00000411,1GB,1GB,,,240분,50건,"월 20,020원",20020,,,휴대폰,false,LTE,전체,https://www.sk7mobile.com/prod/data/callingPlanList.do?refCode=PHONE&searchOrderby=1,2026-05-07T13:30:55.419Z
SK세븐모바일,LTE 어르신 3,PD00000283,500MB,500MB,,,기본제공,기본제공,"월 16,500원",16500,,,휴대폰,false,LTE,전체,https://www.sk7mobile.com/prod/data/callingPlanList.do?refCode=PHONE&searchOrderby=1,2026-05-07T13:30:55.419Z
SK세븐모바일,LTE 어르신 2,PD00000282,300MB,300MB,,,100분,100건,"월 11,000원",11000,,,휴대폰,false,LTE,전체,https://www.sk7mobile.com/prod/data/callingPlanList.do?refCode=PHONE&searchOrderby=1,2026-05-07T13:30:55.419Z
SK세븐모바일,LTE 어르신 1,PD00000281,100MB,100MB,,,30분,30건,"월 6,490원",6490,,,휴대폰,false,LTE,전체,https://www.sk7mobile.com/prod/data/callingPlanList.do?refCode=PHONE&searchOrderby=1,2026-05-07T13:30:55.419Z